order_id,customer_id,order_date,delivery_date,order_status
1,99,2024-01-25,2024-02-05,Shipped
2,36,2024-12-02,2024-12-07,Returned
3,261,2024-12-25,2025-01-05,Shipped
4,15,2025-07-03,2025-07-09,Delivered
5,298,2024-09-24,2024-09-27,Returned
6,223,2024-02-09,2024-02-11,Returned
7,262,2024-11-17,2024-11-24,Delivered
8,98,2025-01-29,2025-02-08,Returned
9,224,2024-02-15,2024-02-27,Delivered
10,101,2025-06-16,2025-06-25,Returned
11,170,2025-03-17,2025-03-19,Returned
12,154,2025-11-10,2025-11-12,Returned
13,168,2025-11-13,2025-11-20,Shipped
14,66,2024-10-29,2024-11-07,Cancelled
15,195,2025-03-06,2025-03-17,Cancelled
16,155,2025-09-22,2025-10-02,Shipped
17,156,2025-07-15,2025-07-16,Returned
18,297,2024-08-03,2024-08-10,Returned
19,227,2025-04-21,2025-04-29,Cancelled
20,87,2025-06-07,2025-06-15,Delivered
21,172,2024-10-17,2024-10-26,Delivered
22,159,2024-08-28,2024-09-08,Cancelled
23,13,2024-07-22,2024-07-25,Delivered
24,38,2024-09-07,2024-09-15,Shipped
25,295,2025-02-28,2025-03-11,Cancelled
26,205,2025-01-28,2025-02-05,Cancelled
27,3,2024-05-31,2024-06-11,Delivered
28,91,2025-03-11,2025-03-15,Shipped
29,128,2024-02-21,2024-03-01,Delivered
30,238,2025-04-12,2025-04-15,Returned
31,259,2025-03-29,2025-04-08,Shipped
32,82,2025-07-15,2025-07-23,Shipped
33,127,2025-04-05,2025-04-10,Returned
34,123,2025-06-17,2025-06-25,Returned
35,147,2025-03-26,2025-03-28,Cancelled
36,164,2024-10-05,2024-10-11,Delivered
37,119,2024-05-21,2024-05-24,Shipped
38,110,2024-06-05,2024-06-17,Delivered
39,170,2025-02-28,2025-03-07,Shipped
40,106,2025-03-01,2025-03-02,Shipped
41,11,2025-02-02,2025-02-12,Shipped
42,181,2025-05-03,2025-05-04,Returned
43,276,2025-02-03,2025-02-10,Cancelled
44,140,2025-05-14,2025-05-18,Shipped
45,200,2025-05-12,2025-05-13,Returned
46,208,2025-11-15,2025-11-26,Cancelled
47,274,2025-04-23,2025-04-26,Delivered
48,289,2025-02-07,2025-02-17,Delivered
49,220,2024-03-26,2024-04-06,Cancelled
50,26,2025-04-17,2025-04-20,Returned
51,109,2025-01-23,2025-01-29,Shipped
52,195,2024-11-30,2024-12-06,Returned
53,42,2025-03-07,2025-03-12,Shipped
54,277,2024-01-20,2024-02-01,Delivered
55,36,2024-12-24,2024-12-28,Delivered
56,103,2024-02-01,2024-02-05,Delivered
57,123,2025-09-28,2025-10-01,Cancelled
58,59,2025-04-29,2025-05-10,Cancelled
59,132,2025-04-21,2025-05-03,Returned
60,59,2024-06-20,2024-06-30,Cancelled
61,297,2024-11-14,2024-11-16,Delivered
62,193,2024-11-15,2024-11-25,Shipped
63,125,2024-07-22,2024-07-24,Delivered
64,62,2024-11-04,2024-11-15,Delivered
65,220,2024-12-21,2024-12-30,Returned
66,175,2024-03-11,2024-03-20,Delivered
67,55,2025-03-06,2025-03-14,Shipped
68,236,2025-01-05,2025-01-16,Cancelled
69,268,2025-03-21,2025-03-24,Returned
70,248,2025-09-22,2025-10-01,Shipped
71,138,2025-03-22,2025-04-03,Returned
72,143,2024-09-08,2024-09-10,Shipped
73,292,2024-09-06,2024-09-14,Shipped
74,254,2024-12-10,2024-12-11,Returned
75,109,2024-07-05,2024-07-13,Returned
76,144,2024-09-21,2024-09-27,Returned
77,265,2025-07-23,2025-07-24,Cancelled
78,209,2024-03-28,2024-04-01,Shipped
79,244,2025-07-22,2025-07-26,Shipped
80,48,2025-04-03,2025-04-04,Returned
81,125,2024-08-14,2024-08-21,Returned
82,189,2025-11-10,2025-11-20,Shipped
83,177,2025-07-20,2025-07-29,Shipped
84,181,2025-07-17,2025-07-23,Shipped
85,129,2024-10-04,2024-10-09,Cancelled
86,99,2024-05-03,2024-05-15,Returned
87,275,2024-05-02,2024-05-14,Cancelled
88,248,2024-07-15,2024-07-19,Returned
89,145,2025-08-26,2025-09-04,Delivered
90,117,2024-07-17,2024-07-22,Returned
91,8,2024-07-02,2024-07-07,Cancelled
92,28,2024-10-07,2024-10-08,Returned
93,252,2024-05-09,2024-05-20,Delivered
94,146,2024-01-13,2024-01-23,Shipped
95,175,2025-05-05,2025-05-13,Cancelled
96,245,2024-02-22,2024-02-27,Delivered
97,252,2024-03-07,2024-03-14,Delivered
98,28,2025-08-13,2025-08-24,Cancelled
99,156,2024-06-01,2024-06-11,Delivered
100,286,2024-09-11,2024-09-13,Shipped
101,116,2025-09-12,2025-09-22,Shipped
102,153,2025-04-06,2025-04-14,Shipped
103,31,2024-11-08,2024-11-18,Delivered
104,109,2024-07-31,2024-08-11,Returned
105,81,2025-11-07,2025-11-09,Cancelled
106,39,2024-06-26,2024-07-05,Cancelled
107,231,2024-01-03,2024-01-10,Shipped
108,119,2024-10-25,2024-10-26,Returned
109,233,2024-10-16,2024-10-28,Delivered
110,102,2024-08-27,2024-09-01,Shipped
111,116,2024-04-27,2024-05-06,Cancelled
112,37,2024-09-29,2024-10-02,Delivered
113,292,2024-06-18,2024-06-23,Returned
114,240,2025-03-25,2025-03-27,Returned
115,257,2025-02-16,2025-02-21,Shipped
116,21,2025-03-24,2025-03-26,Shipped
117,129,2024-11-26,2024-12-06,Delivered
118,295,2024-04-03,2024-04-07,Delivered
119,296,2025-11-19,2025-11-24,Delivered
120,266,2024-06-28,2024-07-06,Shipped
121,300,2024-10-11,2024-10-14,Shipped
122,47,2025-10-12,2025-10-20,Shipped
123,171,2024-12-22,2024-12-29,Returned
124,83,2025-11-17,2025-11-19,Returned
125,254,2025-02-25,2025-03-09,Returned
126,282,2025-11-09,2025-11-16,Delivered
127,162,2025-04-10,2025-04-12,Returned
128,207,2024-11-27,2024-11-29,Delivered
129,237,2025-11-04,2025-11-13,Shipped
130,266,2024-02-25,2024-02-29,Returned
131,227,2025-09-29,2025-10-07,Delivered
132,282,2024-07-27,2024-08-01,Cancelled
133,249,2024-10-21,2024-10-29,Delivered
134,123,2024-01-30,2024-02-10,Cancelled
135,8,2024-11-14,2024-11-23,Shipped
136,59,2024-04-05,2024-04-09,Shipped
137,79,2024-04-30,2024-05-11,Shipped
138,140,2024-10-25,2024-11-03,Shipped
139,125,2025-05-09,2025-05-17,Shipped
140,197,2025-07-18,2025-07-21,Cancelled
141,70,2025-09-05,2025-09-14,Delivered
142,175,2024-10-09,2024-10-16,Returned
143,153,2024-01-03,2024-01-08,Shipped
144,276,2024-06-01,2024-06-09,Shipped
145,283,2024-12-19,2024-12-25,Shipped
146,97,2025-04-11,2025-04-17,Cancelled
147,120,2025-08-08,2025-08-15,Shipped
148,243,2024-02-14,2024-02-20,Shipped
149,78,2025-01-30,2025-02-10,Shipped
150,258,2024-02-07,2024-02-10,Returned
151,52,2024-04-12,2024-04-20,Shipped
152,74,2024-01-16,2024-01-28,Shipped
153,39,2025-11-01,2025-11-04,Shipped
154,204,2024-09-28,2024-10-04,Delivered
155,274,2024-12-02,2024-12-13,Shipped
156,250,2024-11-20,2024-12-01,Delivered
157,121,2025-09-24,2025-09-26,Returned
158,47,2024-08-20,2024-09-01,Shipped
159,52,2024-04-10,2024-04-21,Shipped
160,154,2024-06-19,2024-07-01,Delivered
161,29,2024-02-17,2024-02-23,Returned
162,221,2025-01-02,2025-01-08,Cancelled
163,211,2024-09-07,2024-09-16,Cancelled
164,41,2024-06-23,2024-06-26,Shipped
165,124,2025-09-26,2025-10-07,Shipped
166,119,2025-08-20,2025-08-23,Shipped
167,236,2025-10-15,2025-10-20,Returned
168,239,2025-11-13,2025-11-14,Returned
169,81,2025-11-24,2025-12-03,Delivered
170,154,2025-03-28,2025-04-03,Shipped
171,155,2024-09-13,2024-09-21,Cancelled
172,55,2025-01-28,2025-02-05,Cancelled
173,184,2025-01-25,2025-02-04,Returned
174,203,2024-10-29,2024-10-30,Returned
175,26,2024-01-09,2024-01-19,Shipped
176,181,2024-10-20,2024-10-24,Cancelled
177,129,2025-10-13,2025-10-17,Cancelled
178,21,2025-10-05,2025-10-07,Returned
179,297,2025-03-27,2025-03-28,Returned
180,152,2024-05-14,2024-05-16,Returned
181,103,2025-03-01,2025-03-04,Cancelled
182,272,2025-07-06,2025-07-12,Returned
183,247,2024-06-17,2024-06-22,Returned
184,240,2024-12-12,2024-12-14,Delivered
185,204,2024-05-24,2024-05-28,Returned
186,8,2024-04-02,2024-04-09,Returned
187,233,2025-07-03,2025-07-05,Returned
188,135,2025-11-19,2025-12-01,Shipped
189,56,2025-10-15,2025-10-21,Cancelled
190,288,2025-04-27,2025-04-28,Returned
191,33,2025-09-16,2025-09-20,Shipped
192,210,2024-11-05,2024-11-16,Delivered
193,20,2024-05-23,2024-05-24,Returned
194,50,2025-05-19,2025-05-21,Cancelled
195,199,2025-07-04,2025-07-07,Shipped
196,277,2025-01-14,2025-01-25,Shipped
197,80,2025-08-24,2025-09-05,Shipped
198,251,2025-11-01,2025-11-03,Shipped
199,190,2024-10-13,2024-10-14,Cancelled
200,121,2025-03-30,2025-04-07,Returned
201,189,2024-04-11,2024-04-22,Returned
202,142,2024-03-03,2024-03-10,Cancelled
203,47,2024-05-05,2024-05-13,Cancelled
204,11,2025-10-19,2025-10-30,Delivered
205,65,2024-12-07,2024-12-11,Cancelled
206,107,2024-03-11,2024-03-20,Cancelled
207,76,2024-08-26,2024-09-01,Delivered
208,67,2024-10-10,2024-10-13,Returned
209,14,2024-06-27,2024-06-29,Cancelled
210,122,2024-01-16,2024-01-22,Returned
211,136,2024-01-17,2024-01-20,Delivered
212,216,2024-05-09,2024-05-21,Delivered
213,230,2024-03-06,2024-03-14,Returned
214,56,2025-06-09,2025-06-19,Shipped
215,23,2025-05-30,2025-06-03,Returned
216,16,2025-04-14,2025-04-25,Delivered
217,219,2025-05-05,2025-05-12,Delivered
218,228,2025-05-17,2025-05-29,Delivered
219,76,2024-03-23,2024-03-29,Delivered
220,300,2024-05-09,2024-05-14,Returned
221,272,2025-01-25,2025-02-04,Returned
222,221,2025-04-09,2025-04-18,Delivered
223,283,2024-04-27,2024-05-08,Cancelled
224,117,2025-03-16,2025-03-24,Shipped
225,205,2024-12-13,2024-12-21,Shipped
226,219,2024-04-07,2024-04-13,Returned
227,192,2025-11-12,2025-11-17,Cancelled
228,47,2025-04-30,2025-05-02,Delivered
229,50,2024-04-05,2024-04-12,Returned
230,31,2024-05-13,2024-05-22,Returned
231,211,2025-11-17,2025-11-19,Returned
232,27,2025-11-12,2025-11-19,Returned
233,181,2025-09-06,2025-09-11,Delivered
234,109,2025-08-14,2025-08-23,Cancelled
235,115,2025-11-03,2025-11-11,Delivered
236,189,2024-12-24,2025-01-02,Delivered
237,116,2024-10-12,2024-10-22,Shipped
238,286,2025-07-28,2025-08-07,Delivered
239,137,2025-09-15,2025-09-26,Delivered
240,159,2024-07-03,2024-07-08,Returned
241,93,2024-12-25,2024-12-26,Cancelled
242,206,2025-08-02,2025-08-13,Delivered
243,16,2024-05-25,2024-06-06,Delivered
244,193,2025-06-27,2025-07-01,Shipped
245,81,2025-04-09,2025-04-15,Returned
246,167,2024-11-15,2024-11-27,Delivered
247,81,2024-02-23,2024-02-26,Delivered
248,140,2025-11-21,2025-11-23,Shipped
249,249,2025-11-08,2025-11-15,Shipped
250,111,2025-02-28,2025-03-05,Delivered
251,57,2024-12-19,2024-12-26,Returned
252,270,2025-08-30,2025-09-07,Returned
253,203,2024-02-16,2024-02-20,Delivered
254,155,2024-01-08,2024-01-12,Cancelled
255,149,2024-05-20,2024-05-25,Returned
256,255,2024-05-02,2024-05-03,Shipped
257,195,2024-06-28,2024-07-01,Cancelled
258,182,2025-05-27,2025-06-05,Delivered
259,22,2025-02-10,2025-02-22,Shipped
260,40,2024-01-20,2024-01-28,Returned
261,294,2025-08-12,2025-08-19,Shipped
262,149,2025-10-17,2025-10-24,Delivered
263,167,2025-02-18,2025-02-19,Cancelled
264,186,2025-09-24,2025-10-02,Delivered
265,125,2025-03-23,2025-03-25,Shipped
266,269,2025-08-26,2025-09-02,Delivered
267,174,2025-02-09,2025-02-14,Cancelled
268,40,2024-12-07,2024-12-10,Delivered
269,100,2025-06-27,2025-07-06,Returned
270,76,2024-12-25,2025-01-06,Cancelled
271,132,2024-04-15,2024-04-18,Cancelled
272,79,2024-06-26,2024-07-06,Delivered
273,253,2024-06-30,2024-07-11,Shipped
274,230,2025-07-31,2025-08-10,Returned
275,78,2025-10-04,2025-10-10,Shipped
276,227,2024-03-10,2024-03-18,Returned
277,29,2024-10-08,2024-10-18,Returned
278,159,2025-06-03,2025-06-05,Shipped
279,30,2025-04-07,2025-04-08,Returned
280,47,2024-10-20,2024-10-22,Shipped
281,284,2025-04-18,2025-04-28,Delivered
282,97,2025-04-05,2025-04-15,Returned
283,257,2025-09-11,2025-09-19,Cancelled
284,53,2024-03-04,2024-03-12,Returned
285,89,2024-03-27,2024-04-05,Delivered
286,225,2024-09-10,2024-09-22,Shipped
287,82,2025-06-20,2025-06-29,Returned
288,199,2025-01-16,2025-01-21,Shipped
289,27,2024-12-12,2024-12-23,Returned
290,49,2024-03-08,2024-03-14,Shipped
291,77,2024-10-17,2024-10-22,Returned
292,73,2024-03-24,2024-04-03,Returned
293,201,2024-11-13,2024-11-24,Cancelled
294,44,2025-09-01,2025-09-13,Returned
295,169,2025-07-26,2025-08-02,Cancelled
296,270,2025-11-17,2025-11-29,Delivered
297,217,2025-10-23,2025-11-03,Returned
298,159,2024-01-19,2024-01-25,Cancelled
299,249,2024-08-07,2024-08-13,Cancelled
300,80,2024-08-19,2024-08-22,Delivered
301,260,2024-10-29,2024-10-31,Delivered
302,68,2025-11-08,2025-11-14,Shipped
303,93,2024-06-06,2024-06-09,Cancelled
304,211,2025-03-24,2025-03-25,Returned
305,122,2025-11-23,2025-12-05,Shipped
306,230,2025-09-17,2025-09-22,Cancelled
307,159,2025-06-30,2025-07-04,Shipped
308,293,2024-07-17,2024-07-23,Shipped
309,196,2025-04-17,2025-04-22,Shipped
310,71,2024-06-14,2024-06-18,Returned
311,247,2024-02-23,2024-03-05,Returned
312,265,2025-07-21,2025-07-23,Delivered
313,83,2024-10-18,2024-10-20,Returned
314,76,2025-04-05,2025-04-14,Shipped
315,231,2024-04-03,2024-04-07,Returned
316,28,2024-01-28,2024-02-04,Shipped
317,121,2025-05-29,2025-06-04,Shipped
318,115,2024-03-24,2024-03-30,Delivered
319,172,2024-11-22,2024-11-24,Cancelled
320,147,2024-05-20,2024-05-21,Shipped
321,241,2024-05-22,2024-06-03,Shipped
322,41,2025-09-22,2025-09-23,Delivered
323,77,2024-09-19,2024-09-23,Shipped
324,122,2024-04-23,2024-04-28,Returned
325,123,2024-05-04,2024-05-05,Shipped
326,235,2025-10-16,2025-10-26,Delivered
327,275,2024-04-23,2024-05-01,Delivered
328,295,2025-10-09,2025-10-18,Cancelled
329,220,2024-05-27,2024-06-01,Delivered
330,124,2025-09-21,2025-09-27,Shipped
331,44,2024-07-10,2024-07-21,Returned
332,279,2024-03-10,2024-03-19,Delivered
333,23,2025-02-03,2025-02-11,Shipped
334,9,2025-01-17,2025-01-22,Returned
335,124,2024-03-10,2024-03-16,Delivered
336,171,2025-08-18,2025-08-30,Cancelled
337,280,2024-02-15,2024-02-21,Returned
338,238,2025-10-20,2025-10-23,Shipped
339,70,2025-10-08,2025-10-11,Delivered
340,151,2025-04-13,2025-04-14,Cancelled
341,22,2024-02-14,2024-02-18,Returned
342,204,2024-11-13,2024-11-22,Shipped
343,98,2024-09-16,2024-09-17,Returned
344,170,2024-12-31,2025-01-01,Returned
345,224,2024-05-07,2024-05-13,Shipped
346,174,2025-03-26,2025-04-02,Cancelled
347,255,2025-05-23,2025-06-04,Returned
348,43,2025-06-15,2025-06-20,Shipped
349,93,2024-03-21,2024-03-28,Returned
350,41,2024-11-24,2024-11-26,Returned
351,157,2025-11-07,2025-11-12,Shipped
352,219,2025-09-09,2025-09-21,Cancelled
353,229,2025-03-30,2025-04-05,Delivered
354,223,2024-12-27,2025-01-06,Returned
355,39,2025-10-16,2025-10-17,Shipped
356,82,2025-01-07,2025-01-16,Delivered
357,225,2024-05-26,2024-06-05,Delivered
358,121,2024-05-09,2024-05-11,Returned
359,291,2025-01-05,2025-01-12,Delivered
360,231,2025-09-11,2025-09-14,Returned
361,40,2025-01-15,2025-01-23,Cancelled
362,204,2025-06-26,2025-07-02,Returned
363,128,2025-10-27,2025-11-01,Delivered
364,96,2024-01-27,2024-02-08,Shipped
365,288,2025-06-14,2025-06-21,Delivered
366,229,2024-09-25,2024-09-30,Cancelled
367,252,2025-09-18,2025-09-23,Cancelled
368,38,2024-05-05,2024-05-08,Shipped
369,228,2024-06-25,2024-07-07,Delivered
370,178,2024-11-23,2024-12-04,Delivered
371,149,2025-07-17,2025-07-26,Returned
372,90,2024-06-10,2024-06-22,Returned
373,63,2025-06-04,2025-06-08,Cancelled
374,253,2024-05-22,2024-05-26,Delivered
375,294,2025-01-04,2025-01-13,Returned
376,67,2025-04-23,2025-05-02,Delivered
377,204,2024-03-08,2024-03-13,Shipped
378,210,2025-06-22,2025-06-29,Delivered
379,38,2024-05-08,2024-05-14,Shipped
380,265,2025-04-22,2025-05-03,Returned
381,94,2024-05-11,2024-05-20,Cancelled
382,29,2025-03-19,2025-03-28,Delivered
383,156,2025-06-14,2025-06-17,Cancelled
384,116,2024-06-14,2024-06-20,Returned
385,41,2025-06-15,2025-06-20,Returned
386,283,2024-07-20,2024-07-31,Returned
387,156,2024-05-08,2024-05-19,Delivered
388,87,2025-05-29,2025-06-09,Cancelled
389,173,2024-06-24,2024-07-05,Delivered
390,24,2024-01-30,2024-02-01,Returned
391,293,2025-10-28,2025-11-01,Shipped
392,16,2025-09-24,2025-10-05,Shipped
393,149,2025-10-04,2025-10-13,Returned
394,208,2025-05-09,2025-05-13,Returned
395,31,2025-04-09,2025-04-11,Cancelled
396,248,2025-03-26,2025-04-02,Shipped
397,74,2024-07-27,2024-08-02,Returned
398,177,2024-11-22,2024-12-04,Shipped
399,264,2024-05-13,2024-05-19,Delivered
400,239,2024-11-22,2024-11-26,Delivered
401,127,2024-09-30,2024-10-08,Cancelled
402,149,2024-04-09,2024-04-10,Shipped
403,128,2025-09-22,2025-09-29,Cancelled
404,161,2024-12-01,2024-12-11,Cancelled
405,264,2024-06-12,2024-06-20,Shipped
406,255,2025-05-25,2025-05-30,Delivered
407,259,2024-04-02,2024-04-09,Shipped
408,299,2024-09-03,2024-09-07,Returned
409,145,2024-02-19,2024-02-20,Shipped
410,241,2025-09-03,2025-09-14,Returned
411,56,2025-07-03,2025-07-04,Shipped
412,188,2024-05-17,2024-05-22,Shipped
413,206,2025-01-09,2025-01-10,Delivered
414,100,2025-08-06,2025-08-15,Returned
415,38,2025-07-20,2025-07-25,Shipped
416,282,2025-05-31,2025-06-08,Returned
417,61,2025-09-30,2025-10-11,Cancelled
418,192,2024-04-09,2024-04-16,Returned
419,74,2025-07-25,2025-07-31,Cancelled
420,206,2025-09-08,2025-09-17,Delivered
421,71,2024-02-16,2024-02-17,Returned
422,234,2025-04-30,2025-05-09,Cancelled
423,72,2025-09-12,2025-09-21,Returned
424,84,2025-09-19,2025-09-25,Shipped
425,154,2025-09-23,2025-10-05,Returned
426,273,2025-06-03,2025-06-12,Shipped
427,244,2025-07-30,2025-08-04,Delivered
428,57,2025-01-12,2025-01-18,Shipped
429,14,2025-08-20,2025-08-25,Shipped
430,297,2024-09-28,2024-10-09,Cancelled
431,246,2024-02-22,2024-03-03,Cancelled
432,195,2025-06-20,2025-07-01,Cancelled
433,294,2024-09-05,2024-09-06,Delivered
434,226,2024-07-14,2024-07-15,Returned
435,212,2025-03-04,2025-03-07,Cancelled
436,242,2025-02-24,2025-03-05,Delivered
437,107,2024-05-21,2024-05-30,Returned
438,270,2025-11-09,2025-11-17,Shipped
439,236,2024-11-17,2024-11-20,Returned
440,136,2025-07-13,2025-07-19,Shipped
441,143,2024-07-15,2024-07-19,Returned
442,148,2024-08-18,2024-08-23,Cancelled
443,246,2025-05-15,2025-05-21,Returned
444,141,2025-07-27,2025-08-08,Returned
445,279,2024-05-04,2024-05-14,Shipped
446,75,2025-02-08,2025-02-14,Returned
447,41,2024-02-13,2024-02-18,Returned
448,132,2025-03-28,2025-04-08,Shipped
449,276,2024-08-07,2024-08-11,Returned
450,140,2025-07-29,2025-08-10,Cancelled
451,123,2024-04-21,2024-05-01,Cancelled
452,272,2024-02-21,2024-03-03,Cancelled
453,27,2025-10-15,2025-10-19,Delivered
454,242,2025-02-27,2025-03-05,Delivered
455,282,2024-05-20,2024-05-21,Cancelled
456,244,2025-02-20,2025-03-03,Shipped
457,148,2025-10-28,2025-11-01,Returned
458,31,2024-10-19,2024-10-30,Delivered
459,119,2025-10-29,2025-11-08,Delivered
460,91,2024-06-28,2024-07-05,Delivered
461,96,2025-02-10,2025-02-18,Returned
462,153,2024-02-08,2024-02-09,Delivered
463,233,2024-12-09,2024-12-14,Shipped
464,240,2024-05-17,2024-05-26,Returned
465,170,2024-07-16,2024-07-18,Cancelled
466,132,2025-04-14,2025-04-25,Cancelled
467,173,2024-01-15,2024-01-27,Returned
468,99,2025-08-04,2025-08-15,Cancelled
469,208,2025-09-17,2025-09-28,Shipped
470,45,2025-06-11,2025-06-17,Shipped
471,95,2025-11-16,2025-11-18,Cancelled
472,128,2025-05-03,2025-05-09,Delivered
473,121,2024-09-24,2024-10-01,Shipped
474,155,2024-09-30,2024-10-06,Delivered
475,185,2024-09-24,2024-10-05,Cancelled
476,61,2024-03-04,2024-03-15,Shipped
477,208,2024-11-10,2024-11-13,Returned
478,152,2024-04-30,2024-05-11,Returned
479,113,2025-09-21,2025-09-25,Cancelled
480,233,2025-05-04,2025-05-07,Returned
481,282,2025-03-01,2025-03-13,Shipped
482,112,2025-07-04,2025-07-15,Cancelled
483,270,2025-09-02,2025-09-04,Shipped
484,186,2025-06-24,2025-07-06,Delivered
485,32,2025-07-31,2025-08-02,Cancelled
486,77,2025-08-09,2025-08-18,Cancelled
487,227,2024-12-01,2024-12-10,Delivered
488,299,2024-07-29,2024-08-10,Shipped
489,229,2024-04-03,2024-04-12,Delivered
490,263,2025-04-09,2025-04-12,Shipped
491,30,2025-04-12,2025-04-22,Shipped
492,12,2025-11-19,2025-11-24,Shipped
493,112,2024-09-17,2024-09-18,Delivered
494,177,2024-02-16,2024-02-23,Delivered
495,36,2025-07-08,2025-07-09,Shipped
496,210,2024-02-02,2024-02-07,Cancelled
497,216,2024-05-18,2024-05-29,Returned
498,194,2025-01-26,2025-02-03,Shipped
499,277,2024-03-23,2024-04-03,Cancelled
500,61,2025-10-31,2025-11-06,Cancelled
501,271,2025-07-04,2025-07-11,Cancelled
502,12,2024-08-16,2024-08-17,Returned
503,279,2025-04-19,2025-04-30,Shipped
504,118,2025-06-28,2025-07-05,Cancelled
505,80,2025-04-16,2025-04-22,Returned
506,58,2024-07-12,2024-07-24,Delivered
507,9,2025-11-07,2025-11-14,Cancelled
508,52,2024-07-30,2024-08-01,Delivered
509,25,2025-04-02,2025-04-12,Cancelled
510,225,2024-02-15,2024-02-22,Cancelled
511,29,2025-07-06,2025-07-10,Cancelled
512,120,2025-05-30,2025-06-04,Returned
513,165,2025-08-14,2025-08-24,Cancelled
514,267,2024-11-05,2024-11-08,Cancelled
515,141,2025-02-27,2025-03-04,Delivered
516,90,2025-07-24,2025-08-03,Shipped
517,25,2025-07-23,2025-07-31,Returned
518,196,2025-10-20,2025-10-31,Returned
519,77,2025-03-02,2025-03-09,Returned
520,276,2025-01-20,2025-01-23,Shipped
521,154,2024-09-03,2024-09-07,Cancelled
522,288,2025-04-19,2025-04-20,Shipped
523,272,2025-03-02,2025-03-11,Cancelled
524,131,2025-02-01,2025-02-05,Cancelled
525,41,2024-12-04,2024-12-15,Shipped
526,275,2025-01-14,2025-01-16,Cancelled
527,194,2024-02-22,2024-02-27,Delivered
528,287,2024-03-15,2024-03-19,Cancelled
529,171,2025-05-05,2025-05-09,Returned
530,98,2024-01-16,2024-01-20,Delivered
531,105,2025-05-05,2025-05-09,Shipped
532,165,2024-09-02,2024-09-11,Returned
533,274,2025-01-24,2025-02-01,Returned
534,185,2024-11-11,2024-11-16,Shipped
535,241,2025-04-22,2025-04-24,Returned
536,161,2024-07-27,2024-08-02,Shipped
537,114,2024-02-16,2024-02-26,Cancelled
538,284,2024-01-17,2024-01-22,Shipped
539,101,2024-10-29,2024-11-01,Returned
540,292,2024-08-23,2024-08-30,Cancelled
541,173,2025-05-26,2025-06-04,Returned
542,252,2025-05-15,2025-05-27,Shipped
543,181,2024-06-21,2024-07-03,Cancelled
544,280,2024-05-23,2024-06-04,Shipped
545,31,2024-07-07,2024-07-16,Delivered
546,25,2024-03-17,2024-03-28,Delivered
547,119,2025-02-26,2025-03-01,Delivered
548,112,2024-06-03,2024-06-04,Shipped
549,248,2025-01-17,2025-01-18,Shipped
550,273,2024-01-17,2024-01-18,Shipped
551,272,2024-01-13,2024-01-14,Returned
552,9,2025-07-02,2025-07-07,Shipped
553,50,2024-07-02,2024-07-04,Cancelled
554,270,2024-09-03,2024-09-07,Returned
555,204,2024-12-28,2025-01-02,Delivered
556,236,2025-01-17,2025-01-24,Cancelled
557,42,2024-08-19,2024-08-24,Delivered
558,195,2024-04-05,2024-04-12,Shipped
559,29,2025-07-19,2025-07-27,Delivered
560,256,2024-06-24,2024-06-26,Shipped
561,290,2025-10-22,2025-10-28,Delivered
562,118,2025-06-24,2025-06-25,Cancelled
563,139,2025-08-03,2025-08-11,Delivered
564,144,2024-03-17,2024-03-28,Delivered
565,9,2024-07-02,2024-07-08,Cancelled
566,204,2025-08-24,2025-08-27,Delivered
567,289,2024-11-02,2024-11-05,Cancelled
568,277,2025-08-03,2025-08-10,Returned
569,72,2025-01-28,2025-02-09,Delivered
570,178,2025-05-27,2025-06-08,Delivered
571,119,2024-04-10,2024-04-17,Delivered
572,204,2024-12-14,2024-12-24,Returned
573,140,2024-01-31,2024-02-11,Shipped
574,183,2025-05-17,2025-05-21,Shipped
575,300,2025-03-18,2025-03-21,Shipped
576,152,2024-03-28,2024-04-07,Cancelled
577,138,2024-03-16,2024-03-18,Cancelled
578,79,2025-01-24,2025-02-05,Shipped
579,55,2024-11-20,2024-11-26,Delivered
580,228,2024-01-06,2024-01-11,Returned
581,68,2024-10-03,2024-10-05,Delivered
582,230,2024-07-10,2024-07-17,Shipped
583,46,2024-04-15,2024-04-16,Returned
584,167,2025-07-21,2025-07-23,Shipped
585,212,2024-01-13,2024-01-18,Shipped
586,287,2024-03-27,2024-04-08,Cancelled
587,87,2025-08-08,2025-08-17,Shipped
588,138,2024-06-22,2024-06-25,Returned
589,75,2024-10-01,2024-10-09,Delivered
590,142,2024-06-20,2024-06-27,Shipped
591,40,2024-11-02,2024-11-10,Returned
592,254,2024-09-14,2024-09-18,Cancelled
593,70,2025-04-13,2025-04-15,Returned
594,171,2024-01-07,2024-01-14,Shipped
595,172,2024-12-03,2024-12-11,Shipped
596,70,2025-10-28,2025-11-07,Returned
597,103,2024-11-24,2024-12-04,Shipped
598,204,2024-11-17,2024-11-20,Returned
599,252,2024-10-25,2024-11-06,Cancelled
600,144,2024-11-29,2024-12-06,Shipped
601,289,2025-01-08,2025-01-10,Cancelled
602,93,2025-08-29,2025-09-07,Delivered
603,108,2025-04-17,2025-04-29,Shipped
604,36,2024-10-25,2024-11-06,Shipped
605,72,2025-11-20,2025-11-28,Returned
606,79,2024-09-04,2024-09-09,Shipped
607,230,2025-01-21,2025-01-23,Shipped
608,274,2025-08-19,2025-08-26,Shipped
609,185,2025-07-10,2025-07-11,Delivered
610,182,2024-04-21,2024-04-25,Cancelled
611,23,2025-10-24,2025-11-03,Shipped
612,55,2024-12-05,2024-12-12,Delivered
613,114,2024-04-10,2024-04-15,Cancelled
614,201,2025-04-01,2025-04-07,Shipped
615,257,2025-08-25,2025-09-06,Cancelled
616,248,2024-12-19,2024-12-20,Delivered
617,44,2024-10-29,2024-11-05,Delivered
618,160,2024-05-25,2024-05-31,Returned
619,267,2025-04-11,2025-04-15,Shipped
620,50,2024-12-22,2024-12-30,Shipped
621,35,2025-04-08,2025-04-14,Returned
622,59,2024-02-15,2024-02-27,Delivered
623,56,2024-12-17,2024-12-28,Cancelled
624,90,2024-09-06,2024-09-15,Cancelled
625,219,2024-12-04,2024-12-13,Shipped
626,95,2024-08-25,2024-09-01,Cancelled
627,222,2025-10-17,2025-10-28,Shipped
628,102,2024-01-30,2024-02-11,Shipped
629,200,2025-08-29,2025-09-05,Delivered
630,143,2024-08-07,2024-08-11,Delivered
631,275,2025-08-14,2025-08-16,Cancelled
632,101,2025-01-09,2025-01-15,Shipped
633,251,2024-04-26,2024-05-01,Returned
634,201,2025-09-03,2025-09-10,Delivered
635,235,2024-12-22,2024-12-28,Cancelled
636,153,2025-11-20,2025-12-02,Delivered
637,161,2025-11-19,2025-11-22,Delivered
638,60,2024-09-01,2024-09-06,Cancelled
639,73,2025-01-17,2025-01-29,Shipped
640,71,2025-03-04,2025-03-14,Shipped
641,250,2025-03-09,2025-03-12,Cancelled
642,251,2025-07-22,2025-07-25,Returned
643,162,2024-05-23,2024-05-26,Shipped
644,184,2025-09-26,2025-09-27,Delivered
645,100,2025-05-11,2025-05-14,Shipped
646,254,2025-07-29,2025-08-07,Shipped
647,228,2025-05-18,2025-05-25,Shipped
648,290,2024-06-20,2024-06-22,Delivered
649,17,2024-08-13,2024-08-18,Returned
650,148,2024-08-18,2024-08-27,Cancelled
651,254,2025-04-13,2025-04-23,Delivered
652,138,2025-08-09,2025-08-11,Returned
653,226,2025-07-09,2025-07-10,Cancelled
654,127,2025-03-11,2025-03-13,Returned
655,135,2024-02-03,2024-02-11,Returned
656,61,2024-03-30,2024-04-07,Cancelled
657,180,2024-08-02,2024-08-14,Shipped
658,72,2024-06-18,2024-06-28,Cancelled
659,292,2024-07-30,2024-07-31,Returned
660,276,2025-06-29,2025-07-04,Cancelled
661,150,2024-11-27,2024-12-09,Returned
662,264,2025-08-09,2025-08-14,Delivered
663,31,2024-05-18,2024-05-25,Returned
664,68,2025-11-02,2025-11-05,Cancelled
665,165,2024-05-29,2024-06-10,Cancelled
666,251,2025-11-23,2025-11-30,Cancelled
667,138,2025-08-14,2025-08-25,Shipped
668,39,2025-01-19,2025-01-27,Delivered
669,143,2025-02-16,2025-02-25,Returned
670,168,2025-04-10,2025-04-18,Delivered
671,235,2024-04-05,2024-04-17,Returned
672,204,2024-03-05,2024-03-14,Cancelled
673,254,2025-03-15,2025-03-19,Returned
674,173,2024-11-26,2024-12-01,Cancelled
675,176,2025-08-02,2025-08-10,Delivered
676,236,2024-02-17,2024-02-19,Delivered
677,226,2024-05-07,2024-05-10,Shipped
678,104,2024-01-01,2024-01-08,Cancelled
679,82,2025-10-27,2025-11-01,Returned
680,185,2024-04-05,2024-04-16,Returned
681,85,2024-03-25,2024-03-31,Delivered
682,157,2025-02-09,2025-02-20,Cancelled
683,47,2025-03-15,2025-03-26,Delivered
684,245,2024-01-02,2024-01-06,Delivered
685,116,2024-05-15,2024-05-25,Shipped
686,176,2024-01-10,2024-01-11,Delivered
687,68,2025-03-08,2025-03-20,Shipped
688,197,2024-03-13,2024-03-17,Delivered
689,161,2024-04-14,2024-04-16,Returned
690,196,2024-11-02,2024-11-05,Cancelled
691,74,2025-10-18,2025-10-29,Delivered
692,5,2025-06-27,2025-07-07,Cancelled
693,110,2025-03-26,2025-04-01,Cancelled
694,227,2025-02-25,2025-03-07,Cancelled
695,72,2024-03-29,2024-03-31,Delivered
696,197,2025-08-26,2025-09-07,Returned
697,72,2025-03-15,2025-03-21,Cancelled
698,44,2024-10-10,2024-10-21,Cancelled
699,146,2025-07-20,2025-07-30,Delivered
700,106,2025-11-05,2025-11-10,Cancelled
701,28,2025-02-05,2025-02-10,Cancelled
702,58,2025-05-21,2025-05-28,Cancelled
703,37,2025-05-26,2025-06-06,Delivered
704,68,2025-01-04,2025-01-10,Shipped
705,188,2025-08-05,2025-08-12,Cancelled
706,9,2025-04-27,2025-04-29,Delivered
707,111,2024-01-15,2024-01-20,Delivered
708,260,2024-03-02,2024-03-09,Returned
709,257,2025-10-05,2025-10-17,Shipped
710,206,2025-03-09,2025-03-21,Delivered
711,276,2025-10-17,2025-10-26,Cancelled
712,159,2024-10-11,2024-10-13,Delivered
713,80,2025-06-07,2025-06-11,Returned
714,34,2025-02-04,2025-02-14,Returned
715,123,2025-03-23,2025-04-04,Delivered
716,223,2024-09-07,2024-09-09,Delivered
717,29,2025-04-09,2025-04-19,Returned
718,90,2025-11-13,2025-11-25,Delivered
719,71,2024-01-13,2024-01-25,Delivered
720,178,2024-06-16,2024-06-24,Returned
721,65,2024-06-19,2024-06-25,Returned
722,172,2024-04-30,2024-05-01,Shipped
723,33,2024-10-05,2024-10-14,Returned
724,40,2025-08-13,2025-08-24,Shipped
725,185,2025-04-11,2025-04-20,Delivered
726,86,2025-05-26,2025-06-05,Returned
727,53,2024-06-10,2024-06-15,Delivered
728,261,2024-08-21,2024-09-02,Delivered
729,126,2024-02-15,2024-02-16,Delivered
730,197,2025-04-28,2025-05-04,Cancelled
731,284,2024-07-02,2024-07-03,Shipped
732,128,2024-08-17,2024-08-23,Shipped
733,40,2024-11-23,2024-11-28,Returned
734,27,2024-05-02,2024-05-11,Cancelled
735,24,2024-08-16,2024-08-25,Shipped
736,145,2024-03-11,2024-03-19,Returned
737,284,2024-12-01,2024-12-03,Shipped
738,103,2024-01-09,2024-01-15,Returned
739,125,2025-07-31,2025-08-05,Shipped
740,253,2025-01-12,2025-01-22,Cancelled
741,78,2025-07-13,2025-07-17,Delivered
742,120,2025-02-23,2025-02-24,Returned
743,5,2025-10-13,2025-10-25,Returned
744,193,2024-01-02,2024-01-13,Returned
745,272,2024-04-16,2024-04-20,Cancelled
746,31,2025-03-05,2025-03-13,Cancelled
747,23,2024-10-13,2024-10-15,Cancelled
748,191,2025-06-16,2025-06-23,Shipped
749,49,2024-03-27,2024-04-06,Cancelled
750,39,2025-10-14,2025-10-21,Delivered
751,67,2025-03-21,2025-04-01,Cancelled
752,162,2024-10-25,2024-10-30,Shipped
753,232,2024-11-30,2024-12-06,Returned
754,104,2024-08-27,2024-08-29,Cancelled
755,80,2025-08-21,2025-08-23,Delivered
756,239,2024-06-17,2024-06-25,Returned
757,275,2025-02-20,2025-02-22,Returned
758,158,2024-07-31,2024-08-08,Shipped
759,47,2024-09-28,2024-09-30,Cancelled
760,21,2024-11-07,2024-11-19,Cancelled
761,47,2024-12-01,2024-12-04,Cancelled
762,263,2024-12-30,2025-01-06,Delivered
763,134,2025-11-24,2025-11-29,Cancelled
764,232,2024-02-01,2024-02-08,Cancelled
765,53,2024-04-06,2024-04-14,Cancelled
766,32,2024-05-04,2024-05-05,Cancelled
767,206,2024-05-13,2024-05-17,Returned
768,44,2025-10-07,2025-10-18,Returned
769,34,2024-03-17,2024-03-18,Cancelled
770,66,2025-10-23,2025-10-31,Delivered
771,22,2024-12-05,2024-12-07,Shipped
772,294,2024-02-21,2024-02-24,Shipped
773,16,2025-02-08,2025-02-16,Shipped
774,182,2025-03-12,2025-03-15,Cancelled
775,144,2024-07-10,2024-07-15,Shipped
776,126,2024-06-01,2024-06-02,Returned
777,282,2025-05-25,2025-06-01,Shipped
778,144,2024-03-03,2024-03-05,Shipped
779,103,2024-05-20,2024-05-27,Cancelled
780,10,2025-10-07,2025-10-16,Shipped
781,279,2025-01-02,2025-01-10,Shipped
782,258,2024-12-18,2024-12-28,Returned
783,93,2025-02-01,2025-02-06,Delivered
784,113,2024-11-22,2024-12-02,Delivered
785,242,2024-10-14,2024-10-15,Returned
786,82,2025-08-21,2025-08-25,Delivered
787,124,2024-09-10,2024-09-21,Returned
788,29,2025-06-30,2025-07-12,Cancelled
789,182,2025-08-12,2025-08-19,Cancelled
790,163,2024-06-29,2024-07-03,Returned
791,181,2025-08-28,2025-08-29,Cancelled
792,253,2025-07-30,2025-08-03,Returned
793,20,2024-06-28,2024-07-06,Delivered
794,113,2024-02-27,2024-03-02,Delivered
795,1,2025-06-23,2025-07-01,Returned
796,67,2025-09-20,2025-09-24,Returned
797,31,2024-06-30,2024-07-06,Delivered
798,73,2024-05-31,2024-06-10,Delivered
799,38,2025-06-22,2025-06-28,Returned
800,52,2025-11-09,2025-11-16,Returned
801,70,2024-11-05,2024-11-11,Cancelled
802,250,2025-03-23,2025-04-03,Returned
803,288,2024-06-27,2024-07-09,Returned
804,90,2024-08-16,2024-08-27,Shipped
805,151,2024-11-10,2024-11-22,Cancelled
806,1,2024-06-30,2024-07-12,Shipped
807,94,2025-08-04,2025-08-05,Returned
808,290,2025-09-18,2025-09-22,Delivered
809,170,2025-05-23,2025-05-26,Delivered
810,164,2024-08-31,2024-09-06,Cancelled
811,172,2025-10-13,2025-10-15,Shipped
812,108,2024-01-12,2024-01-17,Cancelled
813,132,2024-03-10,2024-03-16,Delivered
814,198,2024-01-02,2024-01-03,Shipped
815,212,2025-03-05,2025-03-08,Shipped
816,280,2025-01-22,2025-01-28,Shipped
817,296,2024-04-13,2024-04-21,Cancelled
818,38,2024-06-15,2024-06-23,Delivered
819,164,2024-10-28,2024-10-29,Returned
820,176,2024-04-17,2024-04-19,Cancelled
821,39,2025-01-19,2025-01-22,Delivered
822,248,2024-12-12,2024-12-22,Delivered
823,85,2025-03-17,2025-03-28,Shipped
824,52,2024-06-09,2024-06-10,Returned
825,210,2024-07-29,2024-08-02,Returned
826,153,2025-11-07,2025-11-12,Cancelled
827,202,2024-04-08,2024-04-09,Shipped
828,185,2024-06-06,2024-06-07,Delivered
829,151,2025-03-13,2025-03-15,Shipped
830,14,2024-07-23,2024-07-25,Cancelled
831,150,2024-06-23,2024-07-04,Delivered
832,158,2025-04-29,2025-05-01,Shipped
833,136,2025-04-27,2025-05-05,Delivered
834,199,2025-10-19,2025-10-28,Cancelled
835,190,2025-01-14,2025-01-21,Cancelled
836,135,2025-04-01,2025-04-02,Shipped
837,116,2025-04-21,2025-04-26,Returned
838,78,2025-07-31,2025-08-01,Delivered
839,177,2024-03-28,2024-04-08,Shipped
840,284,2025-08-26,2025-08-30,Delivered
841,215,2025-01-31,2025-02-09,Shipped
842,244,2025-08-09,2025-08-13,Returned
843,18,2024-03-21,2024-03-28,Cancelled
844,89,2024-05-03,2024-05-11,Cancelled
845,65,2024-08-04,2024-08-08,Delivered
846,223,2025-03-09,2025-03-11,Cancelled
847,133,2025-10-04,2025-10-07,Returned
848,199,2024-03-09,2024-03-11,Shipped
849,142,2025-07-19,2025-07-25,Shipped
850,268,2024-01-13,2024-01-25,Shipped
851,77,2024-04-25,2024-05-02,Cancelled
852,299,2025-08-03,2025-08-13,Delivered
853,52,2024-04-18,2024-04-28,Returned
854,211,2025-07-02,2025-07-08,Returned
855,249,2025-01-27,2025-02-07,Shipped
856,142,2024-02-08,2024-02-11,Shipped
857,206,2024-05-27,2024-06-06,Delivered
858,122,2025-02-09,2025-02-15,Delivered
859,191,2025-05-01,2025-05-06,Delivered
860,160,2024-12-11,2024-12-16,Returned
861,51,2025-05-18,2025-05-30,Cancelled
862,227,2024-05-17,2024-05-22,Returned
863,214,2024-10-02,2024-10-14,Delivered
864,109,2024-07-11,2024-07-19,Shipped
865,192,2025-05-11,2025-05-20,Delivered
866,34,2025-06-11,2025-06-14,Returned
867,70,2025-06-02,2025-06-09,Delivered
868,103,2024-06-26,2024-06-30,Delivered
869,234,2024-09-12,2024-09-13,Delivered
870,102,2025-01-04,2025-01-16,Returned
871,259,2025-01-12,2025-01-20,Shipped
872,16,2025-10-12,2025-10-14,Cancelled
873,229,2025-01-16,2025-01-24,Cancelled
874,283,2025-04-30,2025-05-10,Returned
875,133,2024-12-18,2024-12-21,Delivered
876,198,2024-10-18,2024-10-19,Delivered
877,110,2024-06-15,2024-06-25,Cancelled
878,106,2025-10-24,2025-10-28,Returned
879,263,2025-10-29,2025-11-05,Delivered
880,68,2024-01-10,2024-01-18,Cancelled
881,115,2025-09-07,2025-09-08,Returned
882,141,2025-09-14,2025-09-19,Shipped
883,236,2025-01-20,2025-01-26,Returned
884,155,2024-08-11,2024-08-19,Shipped
885,4,2025-08-21,2025-08-23,Returned
886,145,2025-07-28,2025-08-08,Returned
887,33,2024-04-20,2024-04-28,Returned
888,167,2024-10-10,2024-10-21,Returned
889,153,2024-09-24,2024-10-05,Cancelled
890,124,2024-06-02,2024-06-11,Delivered
891,164,2025-09-06,2025-09-13,Cancelled
892,255,2024-01-27,2024-02-07,Returned
893,208,2024-09-22,2024-09-29,Shipped
894,293,2024-02-06,2024-02-16,Cancelled
895,114,2024-12-17,2024-12-29,Shipped
896,260,2025-11-18,2025-11-24,Returned
897,286,2024-06-23,2024-07-04,Cancelled
898,242,2024-10-27,2024-10-29,Cancelled
899,287,2024-09-21,2024-10-03,Cancelled
900,46,2024-12-09,2024-12-20,Cancelled
901,158,2024-12-29,2025-01-02,Shipped
902,134,2024-12-05,2024-12-11,Returned
903,241,2025-04-19,2025-04-21,Delivered
904,298,2025-10-11,2025-10-21,Delivered
905,257,2025-04-28,2025-05-02,Delivered
906,153,2025-01-25,2025-02-03,Shipped
907,71,2024-02-25,2024-02-28,Cancelled
908,292,2024-12-16,2024-12-23,Shipped
909,93,2024-05-26,2024-06-01,Delivered
910,91,2025-05-14,2025-05-20,Returned
911,3,2025-10-11,2025-10-12,Shipped
912,87,2024-10-07,2024-10-11,Cancelled
913,67,2025-05-16,2025-05-18,Shipped
914,207,2025-10-10,2025-10-17,Shipped
915,3,2025-05-03,2025-05-10,Delivered
916,192,2025-06-30,2025-07-04,Delivered
917,98,2024-11-25,2024-12-04,Delivered
918,128,2025-11-23,2025-11-24,Cancelled
919,67,2024-12-18,2024-12-23,Delivered
920,157,2025-01-27,2025-02-05,Cancelled
921,153,2024-03-07,2024-03-08,Returned
922,267,2025-04-11,2025-04-23,Returned
923,69,2025-03-20,2025-03-31,Returned
924,97,2025-05-16,2025-05-22,Cancelled
925,117,2025-02-17,2025-02-18,Cancelled
926,12,2024-05-14,2024-05-18,Cancelled
927,20,2024-05-06,2024-05-12,Shipped
928,274,2025-10-17,2025-10-22,Delivered
929,56,2025-08-31,2025-09-01,Delivered
930,60,2024-02-19,2024-03-02,Shipped
931,64,2025-03-30,2025-04-06,Returned
932,79,2025-04-30,2025-05-12,Cancelled
933,155,2025-10-07,2025-10-08,Shipped
934,267,2025-11-08,2025-11-10,Returned
935,71,2025-09-29,2025-10-09,Shipped
936,61,2024-04-17,2024-04-26,Returned
937,255,2024-04-26,2024-04-28,Cancelled
938,135,2025-09-15,2025-09-19,Cancelled
939,210,2025-01-01,2025-01-13,Returned
940,281,2024-06-13,2024-06-14,Shipped
941,247,2024-07-31,2024-08-12,Returned
942,7,2024-08-28,2024-08-29,Delivered
943,253,2024-04-23,2024-05-03,Cancelled
944,39,2024-04-02,2024-04-11,Delivered
945,119,2024-09-19,2024-09-30,Shipped
946,238,2024-10-30,2024-11-04,Delivered
947,21,2024-04-12,2024-04-15,Returned
948,161,2025-01-03,2025-01-14,Shipped
949,24,2024-04-28,2024-04-30,Delivered
950,88,2024-05-21,2024-06-01,Returned
951,138,2025-01-01,2025-01-09,Delivered
952,94,2025-01-16,2025-01-22,Delivered
953,234,2025-02-14,2025-02-21,Returned
954,245,2025-01-29,2025-02-10,Shipped
955,58,2025-10-26,2025-10-29,Cancelled
956,54,2024-03-01,2024-03-04,Shipped
957,292,2025-08-27,2025-09-04,Shipped
958,195,2024-07-04,2024-07-14,Returned
959,67,2025-09-18,2025-09-19,Shipped
960,211,2025-05-14,2025-05-16,Shipped
961,134,2024-02-17,2024-02-19,Returned
962,269,2024-01-13,2024-01-25,Cancelled
963,266,2025-11-16,2025-11-22,Delivered
964,128,2025-03-19,2025-03-30,Shipped
965,198,2024-12-20,2024-12-31,Cancelled
966,28,2025-07-25,2025-08-04,Delivered
967,259,2025-10-20,2025-10-23,Shipped
968,39,2025-05-22,2025-05-25,Shipped
969,170,2024-11-24,2024-11-28,Returned
970,115,2024-02-21,2024-03-01,Shipped
971,41,2025-02-16,2025-02-20,Shipped
972,230,2025-03-30,2025-04-09,Delivered
973,162,2025-05-25,2025-06-02,Delivered
974,10,2025-05-24,2025-06-05,Delivered
975,19,2025-02-17,2025-02-24,Delivered
976,156,2024-04-03,2024-04-13,Cancelled
977,234,2025-11-01,2025-11-12,Returned
978,115,2025-01-07,2025-01-08,Shipped
979,243,2024-12-05,2024-12-14,Returned
980,50,2025-04-08,2025-04-10,Cancelled
981,182,2024-01-03,2024-01-09,Returned
982,192,2025-07-14,2025-07-23,Delivered
983,253,2024-02-16,2024-02-19,Cancelled
984,131,2025-02-23,2025-02-25,Cancelled
985,202,2024-07-11,2024-07-13,Cancelled
986,174,2025-04-13,2025-04-17,Delivered
987,64,2025-02-28,2025-03-01,Shipped
988,259,2025-04-13,2025-04-24,Cancelled
989,272,2025-05-25,2025-05-26,Delivered
990,300,2025-07-20,2025-07-27,Shipped
991,297,2025-06-04,2025-06-07,Cancelled
992,199,2024-05-11,2024-05-13,Returned
993,215,2025-05-31,2025-06-07,Cancelled
994,176,2024-10-07,2024-10-14,Returned
995,71,2025-04-08,2025-04-11,Shipped
996,263,2025-09-08,2025-09-20,Returned
997,284,2025-07-14,2025-07-20,Cancelled
998,149,2024-07-24,2024-07-28,Returned
999,92,2025-11-19,2025-11-22,Returned
1000,288,2024-04-28,2024-05-04,Shipped
1001,214,2025-08-19,2025-08-29,Returned
1002,268,2025-03-08,2025-03-09,Delivered
1003,75,2024-01-26,2024-02-02,Delivered
1004,103,2025-11-17,2025-11-18,Returned
1005,129,2024-06-13,2024-06-18,Cancelled
1006,152,2024-03-04,2024-03-16,Cancelled
1007,184,2025-07-08,2025-07-09,Shipped
1008,288,2024-04-14,2024-04-24,Cancelled
1009,200,2025-10-24,2025-11-02,Cancelled
1010,148,2025-06-07,2025-06-19,Delivered
1011,214,2025-01-25,2025-02-01,Returned
1012,7,2025-07-19,2025-07-20,Returned
1013,227,2024-07-26,2024-08-05,Cancelled
1014,189,2025-10-10,2025-10-22,Cancelled
1015,230,2024-07-17,2024-07-22,Cancelled
1016,89,2024-03-17,2024-03-20,Delivered
1017,220,2025-01-21,2025-01-22,Returned
1018,67,2025-07-23,2025-07-28,Cancelled
1019,3,2025-08-21,2025-08-26,Returned
1020,80,2025-04-22,2025-05-04,Delivered
1021,27,2024-06-06,2024-06-12,Returned
1022,282,2025-05-17,2025-05-27,Returned
1023,163,2024-03-15,2024-03-27,Cancelled
1024,35,2024-07-07,2024-07-16,Cancelled
1025,275,2025-03-01,2025-03-10,Shipped
1026,114,2024-04-04,2024-04-10,Cancelled
1027,170,2025-11-10,2025-11-16,Returned
1028,272,2024-10-27,2024-10-31,Shipped
1029,5,2025-07-28,2025-08-08,Delivered
1030,229,2025-11-15,2025-11-21,Cancelled
1031,125,2025-10-19,2025-10-29,Delivered
1032,59,2024-11-24,2024-12-01,Shipped
1033,145,2024-09-19,2024-09-28,Delivered
1034,264,2025-06-13,2025-06-19,Shipped
1035,152,2025-05-13,2025-05-14,Cancelled
1036,43,2024-11-24,2024-12-03,Delivered
1037,274,2024-06-20,2024-06-29,Delivered
1038,108,2025-10-03,2025-10-05,Cancelled
1039,106,2025-03-10,2025-03-12,Shipped
1040,79,2025-10-24,2025-10-26,Delivered
1041,170,2025-04-15,2025-04-27,Delivered
1042,28,2024-03-30,2024-04-01,Cancelled
1043,37,2024-09-14,2024-09-23,Cancelled
1044,199,2024-09-21,2024-09-28,Shipped
1045,222,2025-10-07,2025-10-14,Returned
1046,61,2024-01-18,2024-01-25,Delivered
1047,33,2025-10-18,2025-10-30,Delivered
1048,258,2024-03-15,2024-03-21,Delivered
1049,155,2024-10-23,2024-11-03,Delivered
1050,196,2024-10-15,2024-10-23,Shipped
1051,243,2025-11-07,2025-11-08,Cancelled
1052,70,2025-06-30,2025-07-04,Shipped
1053,74,2025-07-12,2025-07-17,Returned
1054,192,2025-11-24,2025-12-06,Delivered
1055,73,2025-07-20,2025-07-29,Delivered
1056,294,2024-02-12,2024-02-13,Shipped
1057,44,2025-07-04,2025-07-13,Returned
1058,177,2024-08-03,2024-08-15,Cancelled
1059,263,2025-02-26,2025-03-09,Cancelled
1060,114,2024-06-13,2024-06-16,Returned
1061,93,2024-07-17,2024-07-19,Delivered
1062,282,2025-07-16,2025-07-24,Delivered
1063,35,2024-10-24,2024-11-04,Returned
1064,298,2024-04-10,2024-04-14,Shipped
1065,66,2024-12-04,2024-12-10,Cancelled
1066,36,2024-04-12,2024-04-17,Cancelled
1067,231,2024-11-21,2024-11-29,Returned
1068,157,2025-09-23,2025-10-04,Cancelled
1069,187,2025-08-02,2025-08-12,Returned
1070,3,2025-03-14,2025-03-17,Returned
1071,224,2024-09-09,2024-09-13,Returned
1072,170,2025-01-03,2025-01-06,Shipped
1073,184,2025-04-18,2025-04-26,Returned
1074,56,2025-05-13,2025-05-22,Cancelled
1075,42,2025-10-23,2025-11-02,Returned
1076,101,2024-05-23,2024-06-01,Returned
1077,39,2025-10-03,2025-10-05,Delivered
1078,16,2025-06-03,2025-06-14,Shipped
1079,19,2025-08-27,2025-08-31,Returned
1080,242,2025-07-10,2025-07-19,Cancelled
1081,115,2025-01-09,2025-01-16,Returned
1082,257,2024-05-17,2024-05-25,Delivered
1083,258,2025-02-10,2025-02-16,Delivered
1084,85,2025-11-09,2025-11-13,Cancelled
1085,92,2025-04-01,2025-04-04,Cancelled
1086,21,2025-05-10,2025-05-16,Cancelled
1087,33,2025-05-14,2025-05-18,Returned
1088,22,2025-01-13,2025-01-17,Cancelled
1089,199,2025-06-14,2025-06-20,Shipped
1090,21,2025-04-10,2025-04-11,Returned
1091,267,2024-04-15,2024-04-27,Returned
1092,279,2024-09-26,2024-10-06,Cancelled
1093,194,2025-01-20,2025-01-31,Returned
1094,40,2025-08-24,2025-09-04,Returned
1095,265,2025-01-20,2025-01-24,Shipped
1096,250,2024-12-27,2025-01-02,Shipped
1097,257,2025-09-10,2025-09-11,Cancelled
1098,118,2025-03-26,2025-03-29,Delivered
1099,144,2025-06-10,2025-06-21,Cancelled
1100,81,2024-06-02,2024-06-05,Returned
1101,61,2025-09-08,2025-09-20,Cancelled
1102,59,2025-02-28,2025-03-06,Shipped
1103,246,2025-11-22,2025-11-30,Cancelled
1104,211,2025-08-27,2025-08-30,Delivered
1105,66,2024-09-06,2024-09-07,Cancelled
1106,263,2024-05-17,2024-05-28,Delivered
1107,29,2025-08-09,2025-08-12,Cancelled
1108,265,2024-09-21,2024-09-24,Shipped
1109,10,2025-09-05,2025-09-15,Returned
1110,230,2024-03-28,2024-04-01,Shipped
1111,113,2025-05-08,2025-05-11,Shipped
1112,299,2025-09-07,2025-09-10,Cancelled
1113,262,2025-09-30,2025-10-11,Returned
1114,176,2024-06-20,2024-07-02,Shipped
1115,36,2025-09-02,2025-09-12,Cancelled
1116,68,2025-01-22,2025-01-29,Delivered
1117,268,2024-01-17,2024-01-21,Shipped
1118,50,2024-06-02,2024-06-12,Cancelled
1119,20,2025-05-02,2025-05-12,Delivered
1120,67,2024-04-05,2024-04-13,Delivered
1121,268,2025-10-26,2025-11-02,Shipped
1122,272,2025-01-14,2025-01-15,Shipped
1123,196,2024-08-22,2024-08-30,Returned
1124,295,2025-08-26,2025-09-07,Delivered
1125,131,2025-03-11,2025-03-14,Shipped
1126,146,2024-08-26,2024-08-28,Shipped
1127,3,2024-09-20,2024-09-24,Delivered
1128,61,2025-08-14,2025-08-23,Delivered
1129,106,2025-01-19,2025-01-30,Returned
1130,55,2025-02-22,2025-02-28,Cancelled
1131,300,2025-03-12,2025-03-23,Returned
1132,217,2024-09-24,2024-10-03,Returned
1133,204,2025-09-18,2025-09-23,Cancelled
1134,286,2025-02-27,2025-03-08,Shipped
1135,287,2024-07-02,2024-07-08,Shipped
1136,296,2024-09-16,2024-09-21,Returned
1137,71,2025-02-11,2025-02-23,Delivered
1138,83,2024-08-23,2024-08-31,Delivered
1139,206,2024-08-07,2024-08-16,Returned
1140,27,2025-07-17,2025-07-27,Cancelled
1141,3,2025-02-02,2025-02-13,Delivered
1142,223,2024-05-28,2024-06-05,Delivered
1143,114,2024-03-06,2024-03-11,Returned
1144,20,2024-03-22,2024-04-01,Shipped
1145,267,2025-02-14,2025-02-24,Returned
1146,90,2025-09-03,2025-09-04,Shipped
1147,104,2025-03-25,2025-03-26,Returned
1148,262,2024-07-18,2024-07-19,Cancelled
1149,19,2025-09-21,2025-09-24,Returned
1150,1,2024-09-01,2024-09-12,Cancelled
1151,205,2024-03-29,2024-04-03,Returned
1152,208,2025-11-16,2025-11-23,Cancelled
1153,36,2025-06-14,2025-06-15,Delivered
1154,287,2025-07-16,2025-07-21,Returned
1155,116,2024-12-21,2024-12-26,Cancelled
1156,295,2025-04-10,2025-04-17,Delivered
1157,209,2024-09-24,2024-09-27,Delivered
1158,258,2025-07-26,2025-07-28,Returned
1159,263,2024-12-14,2024-12-16,Returned
1160,129,2025-07-04,2025-07-14,Shipped
1161,248,2025-01-21,2025-01-31,Cancelled
1162,236,2024-12-13,2024-12-21,Delivered
1163,133,2025-05-08,2025-05-10,Delivered
1164,113,2025-01-26,2025-02-06,Cancelled
1165,181,2024-11-19,2024-11-26,Delivered
1166,148,2024-09-26,2024-09-30,Delivered
1167,176,2025-02-12,2025-02-23,Delivered
1168,244,2025-07-21,2025-07-24,Returned
1169,294,2024-12-28,2025-01-01,Returned
1170,98,2024-07-06,2024-07-18,Shipped
1171,124,2024-07-23,2024-07-27,Returned
1172,104,2024-07-30,2024-08-03,Cancelled
1173,80,2025-09-25,2025-10-01,Delivered
1174,253,2024-05-02,2024-05-04,Delivered
1175,247,2025-07-08,2025-07-09,Returned
1176,253,2025-09-27,2025-10-03,Returned
1177,262,2025-05-17,2025-05-20,Returned
1178,296,2025-02-11,2025-02-15,Cancelled
1179,217,2024-02-25,2024-03-05,Shipped
1180,258,2025-07-07,2025-07-08,Returned
1181,90,2025-02-07,2025-02-18,Shipped
1182,266,2024-05-03,2024-05-15,Shipped
1183,5,2024-11-19,2024-12-01,Delivered
1184,195,2025-11-21,2025-11-25,Delivered
1185,133,2024-11-29,2024-12-05,Cancelled
1186,122,2025-07-15,2025-07-20,Returned
1187,176,2025-04-27,2025-05-07,Returned
1188,218,2024-07-07,2024-07-15,Cancelled
1189,191,2025-03-05,2025-03-17,Returned
1190,231,2025-02-14,2025-02-19,Cancelled
1191,295,2025-08-08,2025-08-11,Cancelled
1192,139,2024-04-12,2024-04-24,Cancelled
1193,196,2025-07-22,2025-07-29,Cancelled
1194,77,2024-05-29,2024-06-10,Shipped
1195,216,2024-01-10,2024-01-13,Shipped
1196,265,2024-05-17,2024-05-28,Returned
1197,129,2025-05-13,2025-05-18,Delivered
1198,84,2025-02-11,2025-02-13,Delivered
1199,244,2024-08-08,2024-08-13,Delivered
1200,172,2025-04-05,2025-04-17,Returned
1201,287,2025-01-04,2025-01-10,Returned
1202,211,2024-12-18,2024-12-19,Delivered
1203,102,2024-12-25,2025-01-05,Cancelled
1204,167,2024-10-18,2024-10-24,Shipped
1205,196,2025-04-02,2025-04-04,Returned
1206,75,2025-04-19,2025-04-30,Cancelled
1207,216,2025-10-17,2025-10-23,Shipped
1208,83,2024-03-14,2024-03-16,Returned
1209,163,2024-08-21,2024-08-27,Returned
1210,203,2024-09-30,2024-10-10,Returned
1211,267,2025-03-31,2025-04-06,Shipped
1212,95,2025-02-27,2025-03-02,Delivered
1213,121,2024-05-08,2024-05-20,Returned
1214,86,2024-03-22,2024-03-26,Shipped
1215,33,2024-04-15,2024-04-17,Shipped
1216,14,2025-07-15,2025-07-16,Shipped
1217,54,2025-06-20,2025-06-22,Returned
1218,44,2025-09-24,2025-09-27,Shipped
1219,127,2024-11-12,2024-11-16,Returned
1220,65,2025-03-29,2025-04-09,Cancelled
1221,15,2025-06-23,2025-06-26,Delivered
1222,167,2025-11-10,2025-11-16,Shipped
1223,140,2025-04-23,2025-05-02,Shipped
1224,277,2024-05-18,2024-05-30,Cancelled
1225,234,2025-08-28,2025-09-07,Shipped
1226,274,2025-06-20,2025-07-01,Returned
1227,277,2024-12-21,2024-12-29,Cancelled
1228,158,2024-04-01,2024-04-09,Returned
1229,80,2025-02-26,2025-03-03,Returned
1230,268,2024-01-11,2024-01-12,Cancelled
1231,241,2024-12-18,2024-12-23,Delivered
1232,154,2025-05-18,2025-05-26,Delivered
1233,119,2025-03-16,2025-03-21,Delivered
1234,97,2025-07-15,2025-07-21,Shipped
1235,203,2025-07-28,2025-08-04,Cancelled
1236,200,2024-06-16,2024-06-28,Shipped
1237,41,2024-08-13,2024-08-18,Shipped
1238,265,2025-10-02,2025-10-06,Returned
1239,273,2024-10-18,2024-10-29,Returned
1240,36,2025-02-26,2025-03-02,Cancelled
1241,57,2024-05-19,2024-05-24,Shipped
1242,140,2025-09-24,2025-10-02,Shipped
1243,10,2024-07-11,2024-07-17,Cancelled
1244,12,2024-02-20,2024-02-29,Cancelled
1245,138,2024-04-14,2024-04-19,Cancelled
1246,5,2025-03-24,2025-04-05,Cancelled
1247,8,2024-04-02,2024-04-05,Shipped
1248,216,2024-08-10,2024-08-16,Returned
1249,238,2025-05-25,2025-05-31,Delivered
1250,75,2024-12-04,2024-12-06,Delivered
1251,37,2024-09-29,2024-10-06,Shipped
1252,129,2024-07-04,2024-07-08,Shipped
1253,128,2024-01-13,2024-01-15,Shipped
1254,18,2025-03-29,2025-04-02,Cancelled
1255,49,2025-04-16,2025-04-28,Cancelled
1256,160,2025-04-29,2025-05-06,Returned
1257,22,2024-06-11,2024-06-22,Delivered
1258,153,2024-09-16,2024-09-24,Cancelled
1259,112,2025-01-04,2025-01-05,Delivered
1260,223,2024-08-29,2024-09-09,Returned
1261,142,2024-01-16,2024-01-19,Delivered
1262,5,2025-02-09,2025-02-13,Delivered
1263,244,2025-08-18,2025-08-30,Cancelled
1264,128,2025-01-15,2025-01-17,Cancelled
1265,174,2025-05-26,2025-05-28,Delivered
1266,79,2024-03-02,2024-03-08,Delivered
1267,120,2024-05-08,2024-05-16,Returned
1268,178,2025-07-25,2025-08-05,Shipped
1269,194,2024-07-16,2024-07-17,Returned
1270,21,2024-05-17,2024-05-22,Shipped
1271,151,2025-03-24,2025-04-02,Shipped
1272,96,2024-07-13,2024-07-23,Returned
1273,240,2024-11-27,2024-12-09,Returned
1274,83,2025-09-05,2025-09-14,Delivered
1275,231,2025-06-27,2025-06-30,Returned
1276,188,2024-09-26,2024-10-05,Shipped
1277,260,2024-01-01,2024-01-12,Shipped
1278,187,2024-07-08,2024-07-09,Cancelled
1279,33,2024-11-24,2024-12-06,Shipped
1280,255,2024-07-13,2024-07-22,Cancelled
1281,166,2025-09-19,2025-09-24,Shipped
1282,57,2025-10-18,2025-10-24,Delivered
1283,35,2025-06-19,2025-06-30,Delivered
1284,17,2024-05-12,2024-05-15,Cancelled
1285,99,2024-04-19,2024-04-27,Delivered
1286,199,2024-02-02,2024-02-12,Shipped
1287,132,2025-06-22,2025-07-02,Delivered
1288,37,2025-01-10,2025-01-14,Delivered
1289,252,2024-08-01,2024-08-12,Delivered
1290,32,2025-04-24,2025-05-05,Returned
1291,213,2025-07-25,2025-08-06,Returned
1292,137,2024-02-29,2024-03-10,Delivered
1293,40,2024-03-13,2024-03-18,Cancelled
1294,52,2025-06-15,2025-06-17,Cancelled
1295,98,2025-06-28,2025-07-05,Cancelled
1296,128,2025-06-22,2025-07-03,Cancelled
1297,286,2025-07-25,2025-08-06,Shipped
1298,296,2024-04-18,2024-04-29,Returned
1299,219,2025-11-21,2025-11-29,Delivered
1300,282,2024-06-19,2024-06-22,Shipped
1301,81,2025-05-31,2025-06-06,Shipped
1302,282,2024-12-26,2025-01-01,Returned
1303,221,2025-01-15,2025-01-22,Returned
1304,289,2025-09-15,2025-09-19,Cancelled
1305,131,2025-01-19,2025-01-28,Returned
1306,204,2025-04-08,2025-04-16,Delivered
1307,9,2024-02-05,2024-02-10,Cancelled
1308,154,2024-11-05,2024-11-06,Cancelled
1309,12,2024-08-07,2024-08-13,Returned
1310,285,2025-07-20,2025-07-29,Cancelled
1311,236,2024-04-06,2024-04-07,Returned
1312,136,2024-06-08,2024-06-11,Returned
1313,120,2025-08-19,2025-08-23,Returned
1314,293,2024-11-03,2024-11-05,Shipped
1315,40,2025-08-05,2025-08-09,Returned
1316,250,2025-05-09,2025-05-12,Delivered
1317,154,2025-09-01,2025-09-12,Delivered
1318,41,2025-08-13,2025-08-20,Delivered
1319,223,2024-12-08,2024-12-14,Shipped
1320,6,2024-05-03,2024-05-07,Shipped
1321,269,2024-02-25,2024-03-01,Delivered
1322,290,2024-11-22,2024-12-01,Cancelled
1323,114,2024-11-30,2024-12-09,Cancelled
1324,202,2024-02-21,2024-03-03,Shipped
1325,259,2025-09-01,2025-09-11,Delivered
1326,149,2024-08-15,2024-08-22,Shipped
1327,173,2024-05-31,2024-06-03,Delivered
1328,26,2025-05-02,2025-05-12,Shipped
1329,205,2024-09-25,2024-09-27,Shipped
1330,247,2024-05-13,2024-05-16,Cancelled
1331,293,2025-05-14,2025-05-21,Cancelled
1332,269,2025-07-28,2025-08-07,Cancelled
1333,137,2024-09-05,2024-09-07,Shipped
1334,295,2024-11-27,2024-12-08,Delivered
1335,212,2024-04-25,2024-05-06,Shipped
1336,98,2025-01-09,2025-01-15,Returned
1337,13,2024-12-18,2024-12-28,Returned
1338,227,2024-06-22,2024-06-28,Cancelled
1339,120,2025-03-27,2025-03-28,Cancelled
1340,44,2025-01-17,2025-01-20,Delivered
1341,76,2024-02-25,2024-02-29,Returned
1342,57,2024-01-15,2024-01-21,Returned
1343,12,2025-04-05,2025-04-13,Returned
1344,276,2024-08-02,2024-08-14,Cancelled
1345,268,2024-07-27,2024-08-05,Returned
1346,73,2025-07-15,2025-07-23,Delivered
1347,270,2025-01-20,2025-01-30,Delivered
1348,31,2024-09-18,2024-09-21,Returned
1349,139,2024-07-24,2024-08-05,Delivered
1350,5,2025-04-21,2025-05-02,Delivered
1351,139,2025-02-01,2025-02-12,Returned
1352,150,2024-04-20,2024-04-21,Shipped
1353,261,2024-08-24,2024-08-31,Delivered
1354,273,2024-11-19,2024-11-27,Delivered
1355,257,2024-07-09,2024-07-13,Shipped
1356,12,2025-07-28,2025-08-09,Delivered
1357,157,2024-09-10,2024-09-19,Returned
1358,81,2025-05-16,2025-05-23,Delivered
1359,181,2024-12-21,2025-01-01,Returned
1360,121,2025-10-02,2025-10-07,Returned
1361,132,2024-03-04,2024-03-15,Shipped
1362,144,2024-01-31,2024-02-09,Cancelled
1363,202,2024-06-04,2024-06-10,Cancelled
1364,196,2024-03-30,2024-04-11,Cancelled
1365,294,2025-03-03,2025-03-07,Cancelled
1366,169,2025-03-12,2025-03-17,Shipped
1367,106,2025-07-09,2025-07-12,Cancelled
1368,104,2025-08-17,2025-08-26,Cancelled
1369,269,2024-11-12,2024-11-24,Cancelled
1370,290,2025-03-16,2025-03-19,Cancelled
1371,286,2024-11-21,2024-11-23,Delivered
1372,75,2024-07-07,2024-07-13,Delivered
1373,211,2024-11-22,2024-11-29,Returned
1374,141,2025-03-29,2025-04-10,Cancelled
1375,68,2024-07-11,2024-07-13,Cancelled
1376,137,2024-01-27,2024-02-06,Cancelled
1377,119,2025-09-02,2025-09-06,Delivered
1378,245,2025-01-02,2025-01-04,Cancelled
1379,241,2025-05-29,2025-06-08,Returned
1380,252,2024-07-07,2024-07-14,Shipped
1381,99,2024-05-20,2024-05-23,Cancelled
1382,8,2024-02-03,2024-02-10,Returned
1383,104,2025-02-26,2025-03-02,Cancelled
1384,225,2024-03-08,2024-03-11,Shipped
1385,127,2024-11-28,2024-12-06,Shipped
1386,195,2025-02-18,2025-02-19,Returned
1387,293,2025-02-07,2025-02-17,Delivered
1388,232,2025-06-17,2025-06-19,Shipped
1389,266,2024-02-13,2024-02-17,Shipped
1390,199,2024-02-10,2024-02-19,Delivered
1391,226,2024-07-13,2024-07-18,Shipped
1392,237,2024-11-07,2024-11-12,Cancelled
1393,28,2025-03-08,2025-03-13,Cancelled
1394,232,2025-04-19,2025-04-30,Delivered
1395,93,2025-05-27,2025-05-29,Cancelled
1396,166,2025-02-06,2025-02-13,Shipped
1397,233,2024-01-26,2024-01-29,Cancelled
1398,129,2025-04-10,2025-04-12,Returned
1399,84,2025-10-26,2025-11-07,Delivered
1400,231,2024-04-03,2024-04-05,Returned
1401,197,2024-03-28,2024-04-06,Cancelled
1402,195,2025-01-22,2025-01-31,Delivered
1403,290,2024-06-23,2024-06-29,Cancelled
1404,92,2024-06-15,2024-06-18,Delivered
1405,159,2025-03-05,2025-03-10,Shipped
1406,93,2024-10-22,2024-11-02,Delivered
1407,2,2024-05-14,2024-05-18,Returned
1408,255,2024-01-13,2024-01-21,Shipped
1409,253,2025-07-10,2025-07-11,Cancelled
1410,244,2024-08-10,2024-08-20,Shipped
1411,41,2025-02-23,2025-03-03,Delivered
1412,143,2024-09-07,2024-09-16,Cancelled
1413,76,2024-02-20,2024-02-23,Delivered
1414,19,2025-10-30,2025-11-05,Cancelled
1415,296,2024-02-03,2024-02-14,Returned
1416,26,2024-12-05,2024-12-07,Delivered
1417,83,2025-03-02,2025-03-05,Returned
1418,294,2025-09-17,2025-09-28,Cancelled
1419,297,2025-04-11,2025-04-23,Returned
1420,154,2024-02-06,2024-02-08,Returned
1421,35,2025-01-12,2025-01-19,Shipped
1422,150,2025-07-17,2025-07-19,Shipped
1423,141,2024-05-17,2024-05-19,Returned
1424,269,2025-06-23,2025-06-30,Cancelled
1425,30,2024-08-02,2024-08-12,Delivered
1426,271,2025-08-08,2025-08-20,Delivered
1427,148,2025-05-10,2025-05-22,Shipped
1428,133,2025-09-15,2025-09-21,Returned
1429,289,2024-05-12,2024-05-22,Shipped
1430,255,2025-06-16,2025-06-28,Shipped
1431,120,2024-07-03,2024-07-13,Returned
1432,61,2024-07-17,2024-07-18,Delivered
1433,61,2025-04-21,2025-05-02,Cancelled
1434,212,2025-09-22,2025-09-29,Delivered
1435,287,2024-12-07,2024-12-13,Cancelled
1436,104,2024-01-12,2024-01-23,Returned
1437,158,2024-09-17,2024-09-19,Returned
1438,166,2025-06-02,2025-06-11,Delivered
1439,171,2024-04-26,2024-05-07,Returned
1440,292,2025-02-09,2025-02-21,Delivered
1441,170,2024-06-28,2024-07-02,Returned
1442,243,2025-11-19,2025-11-27,Delivered
1443,247,2025-10-23,2025-10-26,Cancelled
1444,275,2025-10-04,2025-10-12,Returned
1445,29,2025-04-18,2025-04-25,Returned
1446,162,2025-08-01,2025-08-13,Delivered
1447,170,2024-08-01,2024-08-11,Returned
1448,144,2024-03-08,2024-03-11,Delivered
1449,274,2024-12-13,2024-12-20,Cancelled
1450,200,2025-08-07,2025-08-17,Cancelled
1451,158,2025-09-01,2025-09-03,Returned
1452,212,2024-02-02,2024-02-07,Delivered
1453,191,2025-05-23,2025-05-27,Shipped
1454,269,2024-11-05,2024-11-09,Returned
1455,192,2024-06-28,2024-06-30,Delivered
1456,228,2024-07-25,2024-07-27,Delivered
1457,79,2025-05-09,2025-05-18,Cancelled
1458,269,2024-12-14,2024-12-22,Returned
1459,51,2024-12-01,2024-12-04,Cancelled
1460,19,2024-07-29,2024-08-10,Shipped
1461,268,2025-01-31,2025-02-12,Delivered
1462,23,2024-01-05,2024-01-10,Delivered
1463,24,2024-12-07,2024-12-15,Delivered
1464,160,2025-06-17,2025-06-28,Delivered
1465,108,2025-08-14,2025-08-19,Returned
1466,147,2024-07-24,2024-07-28,Returned
1467,226,2025-06-29,2025-07-05,Delivered
1468,81,2024-10-06,2024-10-09,Returned
1469,287,2024-04-27,2024-04-28,Delivered
1470,180,2024-07-30,2024-08-08,Returned
1471,146,2024-10-04,2024-10-07,Cancelled
1472,160,2024-06-24,2024-06-26,Returned
1473,26,2025-07-07,2025-07-15,Cancelled
1474,26,2024-01-30,2024-02-07,Delivered
1475,45,2025-01-27,2025-01-28,Shipped
1476,229,2025-02-05,2025-02-08,Returned
1477,102,2024-11-15,2024-11-21,Delivered
1478,68,2025-04-21,2025-05-01,Delivered
1479,234,2025-04-24,2025-04-26,Returned
1480,239,2025-10-21,2025-11-02,Shipped
1481,74,2024-08-25,2024-08-29,Returned
1482,94,2025-01-07,2025-01-14,Returned
1483,250,2024-11-28,2024-12-06,Delivered
1484,58,2024-03-07,2024-03-15,Returned
1485,88,2025-05-05,2025-05-13,Returned
1486,295,2024-12-22,2025-01-01,Cancelled
1487,208,2025-06-04,2025-06-06,Delivered
1488,37,2024-11-29,2024-12-08,Returned
1489,206,2025-06-29,2025-07-07,Shipped
1490,125,2024-09-01,2024-09-11,Cancelled
1491,34,2025-05-08,2025-05-15,Returned
1492,221,2024-08-01,2024-08-13,Shipped
1493,279,2025-08-03,2025-08-09,Cancelled
1494,40,2024-06-26,2024-07-07,Shipped
1495,238,2024-04-27,2024-05-07,Returned
1496,228,2025-07-22,2025-07-24,Cancelled
1497,36,2024-11-11,2024-11-18,Delivered
1498,168,2025-09-02,2025-09-09,Shipped
1499,32,2025-10-22,2025-11-02,Delivered
1500,298,2024-08-10,2024-08-13,Delivered
1501,77,2024-05-30,2024-06-10,Shipped
1502,200,2025-06-28,2025-07-03,Shipped
1503,163,2024-07-19,2024-07-23,Returned
1504,156,2025-08-06,2025-08-17,Shipped
1505,299,2024-12-18,2024-12-20,Delivered
1506,207,2025-09-18,2025-09-27,Cancelled
1507,190,2024-10-28,2024-10-29,Delivered
1508,287,2024-01-01,2024-01-13,Returned
1509,16,2024-04-22,2024-04-27,Cancelled
1510,202,2025-03-18,2025-03-30,Returned
1511,196,2025-01-26,2025-02-02,Shipped
1512,89,2025-07-12,2025-07-16,Shipped
1513,285,2024-05-22,2024-05-26,Shipped
1514,79,2025-01-03,2025-01-10,Returned
1515,69,2025-11-17,2025-11-20,Delivered
1516,9,2024-03-14,2024-03-25,Cancelled
1517,224,2025-05-13,2025-05-24,Cancelled
1518,213,2024-03-27,2024-03-30,Shipped
1519,93,2025-09-10,2025-09-17,Shipped
1520,283,2025-06-05,2025-06-12,Shipped
1521,116,2025-01-28,2025-02-03,Cancelled
1522,4,2025-03-10,2025-03-20,Shipped
1523,257,2024-08-30,2024-09-11,Returned
1524,296,2025-02-24,2025-03-05,Returned
1525,291,2024-02-04,2024-02-05,Shipped
1526,298,2025-01-12,2025-01-14,Shipped
1527,270,2024-03-22,2024-03-25,Returned
1528,41,2025-04-21,2025-04-30,Delivered
1529,40,2024-09-08,2024-09-16,Returned
1530,176,2025-09-19,2025-09-20,Delivered
1531,263,2025-04-25,2025-05-03,Shipped
1532,170,2025-08-10,2025-08-22,Shipped
1533,149,2024-12-27,2025-01-01,Cancelled
1534,156,2024-02-06,2024-02-18,Returned
1535,243,2024-03-03,2024-03-14,Cancelled
1536,150,2025-08-09,2025-08-10,Delivered
1537,43,2024-10-20,2024-10-28,Cancelled
1538,143,2025-06-01,2025-06-03,Returned
1539,144,2024-05-15,2024-05-25,Returned
1540,58,2024-09-20,2024-09-21,Cancelled
1541,78,2025-08-28,2025-09-09,Shipped
1542,134,2025-01-13,2025-01-16,Cancelled
1543,271,2025-05-11,2025-05-14,Delivered
1544,75,2024-12-17,2024-12-19,Cancelled
1545,197,2025-05-22,2025-05-29,Cancelled
1546,86,2025-11-07,2025-11-15,Cancelled
1547,177,2025-08-14,2025-08-26,Delivered
1548,60,2025-10-19,2025-10-24,Delivered
1549,205,2024-06-20,2024-06-28,Shipped
1550,273,2024-11-04,2024-11-12,Cancelled
1551,200,2025-01-23,2025-02-03,Shipped
1552,272,2024-09-25,2024-09-28,Shipped
1553,230,2024-01-13,2024-01-18,Shipped
1554,22,2024-11-19,2024-11-28,Delivered
1555,182,2025-06-28,2025-07-09,Shipped
1556,140,2025-09-17,2025-09-28,Returned
1557,51,2024-10-03,2024-10-08,Returned
1558,201,2025-11-01,2025-11-11,Shipped
1559,124,2025-11-22,2025-12-04,Cancelled
1560,93,2025-06-16,2025-06-22,Returned
1561,5,2025-07-14,2025-07-15,Delivered
1562,51,2024-01-13,2024-01-20,Delivered
1563,113,2025-04-01,2025-04-07,Returned
1564,18,2024-09-14,2024-09-18,Delivered
1565,30,2025-09-26,2025-09-28,Cancelled
1566,63,2025-09-05,2025-09-16,Delivered
1567,67,2024-03-29,2024-04-08,Shipped
1568,290,2025-11-03,2025-11-14,Cancelled
1569,95,2024-04-23,2024-05-05,Returned
1570,39,2024-10-28,2024-11-05,Shipped
1571,166,2024-10-10,2024-10-17,Returned
1572,142,2024-06-14,2024-06-16,Delivered
1573,171,2025-01-26,2025-02-02,Delivered
1574,92,2024-09-21,2024-09-26,Shipped
1575,103,2024-03-12,2024-03-20,Shipped
1576,252,2024-07-01,2024-07-12,Delivered
1577,221,2024-05-27,2024-06-05,Cancelled
1578,55,2025-09-20,2025-10-01,Shipped
1579,18,2024-09-22,2024-09-24,Delivered
1580,129,2024-03-13,2024-03-23,Shipped
1581,77,2024-01-20,2024-01-28,Delivered
1582,200,2024-02-08,2024-02-19,Returned
1583,169,2024-06-04,2024-06-16,Shipped
1584,264,2025-08-11,2025-08-12,Shipped
1585,207,2025-05-04,2025-05-11,Delivered
1586,2,2025-07-07,2025-07-11,Shipped
1587,291,2025-05-08,2025-05-10,Returned
1588,156,2024-12-07,2024-12-18,Shipped
1589,47,2024-02-26,2024-03-08,Returned
1590,42,2025-07-01,2025-07-07,Shipped
1591,104,2024-10-23,2024-11-03,Cancelled
1592,197,2025-07-21,2025-07-22,Cancelled
1593,200,2024-11-02,2024-11-14,Delivered
1594,184,2025-10-07,2025-10-19,Shipped
1595,225,2024-03-27,2024-04-07,Cancelled
1596,99,2024-05-23,2024-05-24,Delivered
1597,251,2025-08-30,2025-09-03,Shipped
1598,158,2024-03-05,2024-03-14,Shipped
1599,9,2025-06-30,2025-07-08,Delivered
1600,173,2024-12-13,2024-12-14,Delivered
1601,109,2025-02-19,2025-02-21,Shipped
1602,297,2025-07-03,2025-07-06,Cancelled
1603,73,2024-03-14,2024-03-15,Shipped
1604,242,2025-10-31,2025-11-01,Delivered
1605,67,2024-09-05,2024-09-17,Delivered
1606,26,2024-06-25,2024-07-06,Returned
1607,88,2024-04-09,2024-04-17,Delivered
1608,255,2024-04-18,2024-04-20,Cancelled
1609,219,2024-03-05,2024-03-09,Returned
1610,62,2025-02-15,2025-02-21,Cancelled
1611,24,2024-11-25,2024-11-29,Cancelled
1612,62,2024-12-09,2024-12-11,Returned
1613,87,2024-05-24,2024-05-31,Returned
1614,225,2025-07-20,2025-07-23,Cancelled
1615,69,2025-08-18,2025-08-19,Delivered
1616,193,2025-10-09,2025-10-19,Cancelled
1617,42,2024-01-17,2024-01-25,Delivered
1618,46,2024-01-08,2024-01-11,Returned
1619,244,2025-03-02,2025-03-14,Cancelled
1620,139,2024-07-30,2024-08-02,Shipped
1621,90,2025-02-25,2025-03-01,Delivered
1622,256,2025-09-02,2025-09-05,Delivered
1623,179,2025-10-04,2025-10-09,Shipped
1624,121,2024-01-05,2024-01-14,Cancelled
1625,49,2024-04-30,2024-05-09,Returned
1626,113,2025-07-06,2025-07-15,Shipped
1627,107,2025-10-03,2025-10-14,Returned
1628,58,2024-02-24,2024-02-28,Cancelled
1629,91,2025-04-30,2025-05-08,Cancelled
1630,28,2025-11-17,2025-11-18,Returned
1631,223,2024-10-18,2024-10-22,Returned
1632,233,2024-12-08,2024-12-18,Delivered
1633,27,2024-04-16,2024-04-28,Cancelled
1634,249,2024-06-10,2024-06-11,Delivered
1635,228,2024-03-13,2024-03-17,Returned
1636,167,2025-03-05,2025-03-09,Cancelled
1637,117,2024-04-22,2024-04-28,Delivered
1638,212,2024-08-30,2024-09-11,Cancelled
1639,38,2025-01-19,2025-01-23,Shipped
1640,28,2025-08-22,2025-08-30,Shipped
1641,233,2024-05-28,2024-06-01,Cancelled
1642,70,2025-01-31,2025-02-06,Shipped
1643,184,2024-07-17,2024-07-28,Returned
1644,66,2024-07-26,2024-08-01,Delivered
1645,144,2025-08-05,2025-08-06,Cancelled
1646,235,2024-04-23,2024-05-01,Shipped
1647,113,2024-06-24,2024-06-30,Returned
1648,88,2025-09-10,2025-09-13,Cancelled
1649,268,2024-03-29,2024-04-05,Shipped
1650,243,2024-08-09,2024-08-19,Shipped
1651,220,2024-10-12,2024-10-13,Cancelled
1652,223,2024-09-10,2024-09-16,Cancelled
1653,294,2025-08-28,2025-08-31,Delivered
1654,21,2025-03-03,2025-03-04,Shipped
1655,218,2025-05-31,2025-06-01,Shipped
1656,51,2025-05-05,2025-05-17,Shipped
1657,43,2025-05-22,2025-05-26,Delivered
1658,68,2025-02-20,2025-02-24,Returned
1659,47,2024-10-29,2024-11-02,Delivered
1660,157,2025-05-06,2025-05-17,Cancelled
1661,299,2025-04-15,2025-04-25,Delivered
1662,71,2025-04-10,2025-04-18,Shipped
1663,238,2024-07-08,2024-07-14,Delivered
1664,198,2025-10-04,2025-10-06,Returned
1665,152,2025-06-27,2025-06-28,Shipped
1666,278,2024-10-03,2024-10-15,Cancelled
1667,172,2024-03-23,2024-04-02,Delivered
1668,187,2025-06-11,2025-06-22,Delivered
1669,188,2024-04-23,2024-04-30,Shipped
1670,188,2025-09-25,2025-09-26,Returned
1671,287,2024-06-28,2024-07-09,Delivered
1672,105,2025-07-28,2025-08-09,Cancelled
1673,277,2024-12-08,2024-12-12,Delivered
1674,298,2025-10-26,2025-11-03,Cancelled
1675,181,2024-08-18,2024-08-24,Returned
1676,217,2025-05-30,2025-06-10,Returned
1677,191,2024-02-25,2024-02-27,Returned
1678,257,2025-04-08,2025-04-16,Delivered
1679,273,2025-04-26,2025-05-08,Returned
1680,189,2025-04-07,2025-04-17,Delivered
1681,45,2024-07-11,2024-07-19,Delivered
1682,148,2025-02-04,2025-02-07,Delivered
1683,142,2024-04-21,2024-04-24,Delivered
1684,78,2024-05-31,2024-06-08,Cancelled
1685,12,2025-06-17,2025-06-28,Returned
1686,278,2025-03-02,2025-03-13,Cancelled
1687,216,2025-04-30,2025-05-06,Shipped
1688,150,2025-10-22,2025-10-23,Cancelled
1689,119,2024-03-05,2024-03-06,Returned
1690,176,2025-02-25,2025-03-07,Returned
1691,272,2025-05-12,2025-05-22,Shipped
1692,291,2025-04-13,2025-04-18,Cancelled
1693,134,2024-11-09,2024-11-12,Cancelled
1694,148,2025-05-10,2025-05-16,Delivered
1695,146,2024-05-31,2024-06-06,Shipped
1696,83,2024-06-19,2024-06-29,Returned
1697,79,2024-07-05,2024-07-08,Cancelled
1698,22,2024-08-31,2024-09-02,Returned
1699,226,2025-08-11,2025-08-14,Returned
1700,106,2025-01-13,2025-01-16,Delivered
1701,177,2025-11-12,2025-11-18,Cancelled
1702,277,2025-01-16,2025-01-24,Cancelled
1703,63,2025-06-30,2025-07-05,Delivered
1704,75,2025-02-18,2025-02-26,Shipped
1705,3,2024-11-23,2024-11-26,Returned
1706,152,2025-10-24,2025-11-05,Shipped
1707,76,2024-10-23,2024-11-02,Shipped
1708,58,2024-12-12,2024-12-24,Shipped
1709,283,2024-02-11,2024-02-14,Delivered
1710,206,2024-11-11,2024-11-12,Cancelled
1711,48,2025-04-01,2025-04-07,Returned
1712,100,2024-02-26,2024-03-07,Cancelled
1713,12,2024-10-11,2024-10-15,Delivered
1714,45,2025-07-05,2025-07-13,Shipped
1715,163,2024-07-18,2024-07-26,Delivered
1716,204,2025-11-13,2025-11-19,Cancelled
1717,198,2025-03-13,2025-03-19,Returned
1718,177,2024-01-13,2024-01-18,Returned
1719,288,2024-11-11,2024-11-19,Delivered
1720,228,2024-08-08,2024-08-20,Shipped
1721,84,2025-03-29,2025-04-03,Shipped
1722,45,2025-02-28,2025-03-03,Cancelled
1723,244,2024-07-31,2024-08-05,Returned
1724,193,2024-03-08,2024-03-18,Delivered
1725,140,2024-01-07,2024-01-14,Shipped
1726,237,2024-06-28,2024-07-07,Cancelled
1727,196,2024-07-23,2024-07-26,Returned
1728,22,2025-07-21,2025-07-29,Returned
1729,253,2025-08-22,2025-08-27,Shipped
1730,2,2024-08-17,2024-08-18,Cancelled
1731,242,2024-09-25,2024-09-30,Delivered
1732,148,2025-10-31,2025-11-11,Shipped
1733,126,2024-07-02,2024-07-10,Delivered
1734,253,2024-05-02,2024-05-07,Delivered
1735,186,2025-09-05,2025-09-17,Shipped
1736,133,2025-08-02,2025-08-09,Shipped
1737,263,2024-05-02,2024-05-08,Delivered
1738,298,2024-09-22,2024-09-25,Delivered
1739,237,2024-05-29,2024-06-04,Cancelled
1740,28,2024-12-31,2025-01-03,Returned
1741,183,2025-01-04,2025-01-11,Delivered
1742,272,2024-10-23,2024-10-28,Delivered
1743,94,2025-06-10,2025-06-14,Delivered
1744,279,2025-09-05,2025-09-08,Returned
1745,155,2024-11-19,2024-11-30,Returned
1746,274,2025-01-06,2025-01-08,Returned
1747,71,2024-05-27,2024-05-28,Returned
1748,211,2025-01-16,2025-01-24,Returned
1749,112,2024-06-15,2024-06-17,Cancelled
1750,97,2025-05-30,2025-06-03,Delivered
1751,40,2025-03-03,2025-03-11,Delivered
1752,246,2024-05-14,2024-05-15,Returned
1753,186,2024-11-15,2024-11-27,Cancelled
1754,268,2025-03-28,2025-04-07,Returned
1755,156,2024-06-25,2024-07-07,Delivered
1756,66,2024-05-01,2024-05-05,Cancelled
1757,65,2024-08-20,2024-08-25,Cancelled
1758,218,2024-05-13,2024-05-15,Delivered
1759,248,2024-03-20,2024-03-21,Shipped
1760,56,2024-02-13,2024-02-17,Delivered
1761,31,2025-11-06,2025-11-15,Shipped
1762,23,2024-05-01,2024-05-06,Delivered
1763,6,2024-11-04,2024-11-15,Delivered
1764,106,2024-05-06,2024-05-16,Cancelled
1765,180,2024-07-08,2024-07-19,Delivered
1766,143,2024-04-02,2024-04-05,Returned
1767,257,2024-12-26,2024-12-29,Cancelled
1768,35,2025-06-01,2025-06-11,Delivered
1769,271,2025-08-15,2025-08-16,Cancelled
1770,88,2024-07-15,2024-07-20,Delivered
1771,259,2024-04-11,2024-04-15,Shipped
1772,95,2025-01-10,2025-01-22,Shipped
1773,93,2025-11-20,2025-11-22,Returned
1774,110,2025-01-23,2025-01-30,Cancelled
1775,161,2025-02-21,2025-02-23,Delivered
1776,267,2025-04-22,2025-04-24,Cancelled
1777,148,2025-05-22,2025-05-28,Delivered
1778,253,2024-03-25,2024-03-31,Delivered
1779,234,2025-01-29,2025-02-03,Returned
1780,284,2025-03-30,2025-04-03,Shipped
1781,97,2024-10-24,2024-10-31,Delivered
1782,189,2025-05-02,2025-05-13,Cancelled
1783,252,2024-01-14,2024-01-25,Delivered
1784,268,2025-02-09,2025-02-17,Delivered
1785,203,2024-05-02,2024-05-05,Shipped
1786,87,2025-08-27,2025-08-29,Delivered
1787,174,2025-01-07,2025-01-11,Cancelled
1788,63,2025-09-01,2025-09-08,Cancelled
1789,256,2025-03-10,2025-03-22,Returned
1790,140,2025-08-18,2025-08-28,Shipped
1791,208,2024-12-30,2025-01-07,Shipped
1792,76,2025-06-07,2025-06-12,Shipped
1793,129,2024-04-20,2024-04-22,Shipped
1794,69,2025-05-24,2025-05-28,Delivered
1795,28,2024-04-11,2024-04-23,Delivered
1796,14,2025-05-25,2025-06-05,Cancelled
1797,168,2025-01-26,2025-02-05,Cancelled
1798,50,2024-11-06,2024-11-16,Delivered
1799,253,2025-11-07,2025-11-16,Shipped
1800,255,2024-07-25,2024-07-30,Shipped
1801,278,2025-05-31,2025-06-05,Returned
1802,10,2025-07-07,2025-07-16,Delivered
1803,197,2025-03-16,2025-03-18,Shipped
1804,227,2024-11-18,2024-11-25,Shipped
1805,91,2024-02-06,2024-02-07,Returned
1806,221,2024-06-17,2024-06-25,Cancelled
1807,200,2024-11-15,2024-11-27,Shipped
1808,252,2024-04-22,2024-05-02,Shipped
1809,81,2025-05-02,2025-05-11,Delivered
1810,254,2025-02-04,2025-02-09,Shipped
1811,181,2025-09-23,2025-10-04,Returned
1812,15,2024-11-24,2024-11-25,Delivered
1813,179,2024-05-11,2024-05-17,Delivered
1814,195,2025-10-02,2025-10-08,Delivered
1815,183,2025-03-14,2025-03-20,Shipped
1816,126,2024-12-25,2024-12-26,Cancelled
1817,160,2024-08-28,2024-09-08,Delivered
1818,59,2024-03-08,2024-03-13,Returned
1819,276,2024-06-22,2024-06-23,Returned
1820,217,2024-02-08,2024-02-16,Shipped
1821,241,2024-09-30,2024-10-01,Delivered
1822,293,2024-11-20,2024-11-27,Shipped
1823,51,2024-11-26,2024-12-06,Shipped
1824,106,2024-04-12,2024-04-24,Returned
1825,174,2025-05-23,2025-06-01,Cancelled
1826,187,2025-09-21,2025-09-26,Shipped
1827,39,2024-07-25,2024-08-02,Cancelled
1828,25,2024-10-21,2024-10-26,Returned
1829,116,2025-08-10,2025-08-17,Delivered
1830,173,2025-08-15,2025-08-17,Returned
1831,272,2024-03-09,2024-03-19,Shipped
1832,178,2025-03-13,2025-03-17,Delivered
1833,259,2025-10-29,2025-11-03,Returned
1834,277,2025-03-19,2025-03-30,Returned
1835,206,2024-07-23,2024-07-30,Returned
1836,233,2025-10-01,2025-10-10,Cancelled
1837,265,2024-01-20,2024-01-31,Cancelled
1838,110,2025-08-13,2025-08-21,Shipped
1839,273,2024-10-01,2024-10-12,Shipped
1840,31,2025-08-02,2025-08-14,Cancelled
1841,76,2025-01-08,2025-01-16,Cancelled
1842,154,2024-06-03,2024-06-15,Shipped
1843,33,2025-02-24,2025-03-02,Cancelled
1844,147,2025-02-26,2025-03-03,Cancelled
1845,121,2024-09-19,2024-09-30,Shipped
1846,77,2024-09-01,2024-09-03,Cancelled
1847,159,2024-01-29,2024-02-02,Shipped
1848,224,2025-05-12,2025-05-21,Shipped
1849,104,2025-10-24,2025-10-25,Cancelled
1850,15,2024-10-06,2024-10-09,Returned
1851,282,2024-10-11,2024-10-22,Cancelled
1852,249,2025-10-21,2025-10-22,Delivered
1853,161,2024-02-26,2024-02-28,Returned
1854,187,2024-03-06,2024-03-13,Delivered
1855,72,2025-02-10,2025-02-22,Cancelled
1856,257,2024-04-24,2024-05-04,Delivered
1857,298,2025-06-18,2025-06-29,Returned
1858,122,2025-05-23,2025-05-25,Delivered
1859,300,2024-11-16,2024-11-22,Shipped
1860,112,2024-08-29,2024-09-05,Cancelled
1861,110,2024-04-19,2024-04-22,Returned
1862,131,2025-03-26,2025-04-02,Delivered
1863,192,2025-05-17,2025-05-26,Delivered
1864,217,2024-11-20,2024-11-29,Shipped
1865,75,2024-09-09,2024-09-14,Returned
1866,189,2025-05-01,2025-05-13,Returned
1867,18,2024-01-22,2024-02-02,Delivered
1868,130,2025-11-18,2025-11-22,Shipped
1869,186,2024-11-12,2024-11-23,Delivered
1870,227,2025-07-01,2025-07-05,Shipped
1871,131,2024-01-09,2024-01-16,Returned
1872,153,2024-04-02,2024-04-06,Cancelled
1873,163,2024-06-13,2024-06-21,Shipped
1874,42,2024-02-04,2024-02-09,Shipped
1875,212,2025-04-27,2025-05-09,Returned
1876,83,2025-03-08,2025-03-10,Returned
1877,181,2025-06-02,2025-06-04,Shipped
1878,281,2025-09-08,2025-09-20,Returned
1879,15,2025-04-09,2025-04-21,Delivered
1880,95,2025-10-18,2025-10-29,Shipped
1881,2,2025-10-18,2025-10-21,Shipped
1882,157,2024-07-23,2024-08-03,Returned
1883,57,2025-08-12,2025-08-14,Cancelled
1884,67,2024-09-12,2024-09-21,Shipped
1885,245,2024-11-23,2024-12-01,Cancelled
1886,168,2024-09-23,2024-09-26,Returned
1887,213,2024-07-22,2024-07-24,Returned
1888,194,2024-07-05,2024-07-12,Cancelled
1889,286,2024-01-22,2024-01-23,Cancelled
1890,102,2024-04-01,2024-04-09,Returned
1891,206,2024-06-21,2024-06-22,Shipped
1892,77,2025-09-06,2025-09-11,Delivered
1893,291,2025-01-11,2025-01-14,Delivered
1894,270,2024-01-15,2024-01-27,Shipped
1895,254,2025-04-09,2025-04-20,Delivered
1896,105,2024-08-17,2024-08-29,Cancelled
1897,254,2024-09-29,2024-10-04,Shipped
1898,106,2024-05-13,2024-05-20,Cancelled
1899,97,2024-10-16,2024-10-28,Shipped
1900,75,2024-07-03,2024-07-10,Delivered
1901,121,2024-10-24,2024-10-29,Shipped
1902,299,2024-09-11,2024-09-17,Shipped
1903,241,2024-03-28,2024-03-29,Cancelled
1904,204,2024-11-27,2024-12-09,Cancelled
1905,217,2025-01-27,2025-02-08,Returned
1906,286,2024-03-15,2024-03-17,Delivered
1907,121,2024-02-23,2024-02-29,Shipped
1908,24,2024-12-28,2025-01-07,Delivered
1909,196,2024-09-16,2024-09-25,Returned
1910,190,2025-02-08,2025-02-19,Cancelled
1911,298,2025-07-26,2025-07-27,Cancelled
1912,258,2024-09-23,2024-09-26,Shipped
1913,68,2024-12-13,2024-12-21,Delivered
1914,272,2024-11-20,2024-12-02,Shipped
1915,60,2024-05-25,2024-05-30,Returned
1916,256,2024-02-15,2024-02-18,Returned
1917,145,2025-01-04,2025-01-11,Returned
1918,265,2025-09-19,2025-09-24,Returned
1919,162,2025-03-22,2025-03-25,Shipped
1920,226,2024-06-03,2024-06-12,Delivered
1921,28,2024-07-12,2024-07-15,Cancelled
1922,241,2024-07-06,2024-07-07,Returned
1923,240,2024-06-16,2024-06-28,Shipped
1924,21,2024-04-28,2024-05-06,Shipped
1925,288,2024-12-31,2025-01-12,Shipped
1926,58,2025-04-13,2025-04-21,Cancelled
1927,48,2024-05-06,2024-05-12,Cancelled
1928,87,2024-10-17,2024-10-20,Returned
1929,300,2025-07-30,2025-08-10,Cancelled
1930,270,2025-08-20,2025-08-21,Cancelled
1931,127,2025-03-02,2025-03-04,Shipped
1932,169,2025-11-24,2025-11-26,Delivered
1933,63,2024-10-18,2024-10-29,Shipped
1934,55,2025-01-17,2025-01-27,Returned
1935,42,2024-06-06,2024-06-07,Shipped
1936,233,2025-11-06,2025-11-14,Returned
1937,3,2025-08-31,2025-09-11,Returned
1938,232,2024-02-14,2024-02-25,Returned
1939,109,2025-08-05,2025-08-08,Delivered
1940,166,2025-10-21,2025-10-26,Delivered
1941,196,2024-03-13,2024-03-22,Delivered
1942,92,2025-02-12,2025-02-17,Cancelled
1943,11,2025-02-12,2025-02-14,Cancelled
1944,207,2024-06-15,2024-06-22,Returned
1945,79,2025-10-24,2025-11-04,Delivered
1946,222,2024-11-01,2024-11-09,Returned
1947,184,2025-09-09,2025-09-12,Delivered
1948,103,2025-01-11,2025-01-20,Shipped
1949,244,2025-04-01,2025-04-08,Returned
1950,217,2025-07-30,2025-08-09,Delivered
1951,96,2025-03-08,2025-03-14,Shipped
1952,48,2025-10-07,2025-10-14,Delivered
1953,238,2025-06-09,2025-06-15,Cancelled
1954,80,2025-10-25,2025-11-05,Shipped
1955,269,2025-06-23,2025-07-04,Delivered
1956,224,2024-10-24,2024-11-01,Delivered
1957,77,2025-05-04,2025-05-09,Cancelled
1958,268,2024-11-03,2024-11-07,Shipped
1959,25,2024-10-29,2024-11-08,Delivered
1960,56,2024-02-16,2024-02-25,Shipped
1961,238,2025-02-26,2025-02-28,Returned
1962,300,2024-12-29,2025-01-03,Delivered
1963,59,2025-05-30,2025-05-31,Shipped
1964,202,2024-07-02,2024-07-05,Delivered
1965,153,2024-03-26,2024-04-02,Returned
1966,233,2025-08-24,2025-09-05,Shipped
1967,175,2025-09-30,2025-10-05,Cancelled
1968,41,2024-08-04,2024-08-07,Returned
1969,223,2025-11-20,2025-11-22,Delivered
1970,60,2024-01-06,2024-01-13,Delivered
1971,245,2024-06-24,2024-07-05,Shipped
1972,250,2025-02-18,2025-03-01,Returned
1973,185,2025-09-25,2025-10-05,Shipped
1974,65,2024-11-05,2024-11-07,Cancelled
1975,58,2024-01-15,2024-01-19,Delivered
1976,108,2024-07-11,2024-07-12,Shipped
1977,124,2025-10-26,2025-10-29,Shipped
1978,98,2025-10-03,2025-10-12,Delivered
1979,76,2024-11-04,2024-11-12,Shipped
1980,60,2025-03-08,2025-03-09,Cancelled
1981,228,2024-06-05,2024-06-17,Shipped
1982,231,2025-04-27,2025-04-28,Cancelled
1983,292,2024-07-25,2024-07-30,Shipped
1984,5,2024-02-22,2024-02-28,Delivered
1985,222,2025-10-07,2025-10-19,Shipped
1986,297,2025-05-22,2025-06-03,Returned
1987,205,2024-02-07,2024-02-15,Shipped
1988,250,2025-06-09,2025-06-19,Cancelled
1989,10,2024-03-03,2024-03-12,Shipped
1990,284,2025-08-13,2025-08-19,Delivered
1991,214,2024-10-01,2024-10-12,Shipped
1992,178,2024-04-29,2024-05-07,Shipped
1993,83,2025-03-22,2025-03-23,Returned
1994,177,2024-07-15,2024-07-23,Shipped
1995,113,2024-08-25,2024-09-03,Returned
1996,240,2025-09-08,2025-09-20,Cancelled
1997,200,2024-10-27,2024-11-08,Shipped
1998,185,2025-11-20,2025-12-01,Shipped
1999,107,2024-06-14,2024-06-24,Returned
2000,248,2024-03-29,2024-04-09,Cancelled
